{
	"format_version": "1.8.0",
	"animations": {
		"animation.npc_bedwars.idle": {
			"loop": true,
			"animation_length": 6.28,
			"bones": {
				"break_step_1": {
					"scale": {
						"0.0": [1, 1, 1],
						"0.04": {"pre": [1, 1, 1], "post": [0, 0, 0]}
					}
				},
				"break_step_2": {
					"scale": {
						"0.0": [0, 0, 0],
						"0.04": {"pre": [0, 0, 0], "post": [1, 1, 1]},
						"0.08": {"pre": [1, 1, 1], "post": [0, 0, 0]}
					}
				},
				"break_step_3": {
					"scale": {
						"0.0": [0, 0, 0],
						"0.08": {"pre": [0, 0, 0], "post": [1, 1, 1]},
						"0.2": {"pre": [1, 1, 1], "post": [0, 0, 0]}
					}
				},
				"break_step_4": {
					"scale": {
						"0.0": [0, 0, 0],
						"0.2": {"pre": [0, 0, 0], "post": [1, 1, 1]},
						"0.32": {"pre": [1, 1, 1], "post": [0, 0, 0]}
					}
				},
				"break_step_5": {
					"scale": {
						"0.0": [0, 0, 0],
						"0.32": {"pre": [0, 0, 0], "post": [1, 1, 1]},
						"0.44": {"pre": [1, 1, 1], "post": [0, 0, 0]}
					}
				},
				"break_step_6": {
					"scale": {
						"0.0": [0, 0, 0],
						"0.44": {"pre": [0, 0, 0], "post": [1, 1, 1]},
						"0.56": {"pre": [1, 1, 1], "post": [0, 0, 0]}
					}
				},
				"break_step_7": {
					"scale": {
						"0.0": [0, 0, 0],
						"0.56": {"pre": [0, 0, 0], "post": [1, 1, 1]},
						"0.68": {"pre": [1, 1, 1], "post": [0, 0, 0]}
					}
				},
				"break_step_8": {
					"scale": {
						"0.0": [0, 0, 0],
						"0.68": {"pre": [0, 0, 0], "post": [1, 1, 1]},
						"0.8": {"pre": [1, 1, 1], "post": [0, 0, 0]}
					}
				},
				"break_step_9": {
					"scale": {
						"0.0": [0, 0, 0],
						"0.8": {"pre": [0, 0, 0], "post": [1, 1, 1]},
						"0.92": {"pre": [1, 1, 1], "post": [0, 0, 0]}
					}
				},
				"break_step_10": {
					"scale": {
						"0.0": [0, 0, 0],
						"0.92": {"pre": [0, 0, 0], "post": [1, 1, 1]},
						"1.0": {"pre": [1, 1, 1], "post": [0, 0, 0]}
					}
				},
				"red_team_player": {
					"rotation": {
						"1.2": [0, 0, 0],
						"1.44": [0, -90, 0],
						"1.64": [0, -180, 0],
						"3.0": [0, -180, 0],
						"3.52": [0, -145, 0],
						"4.56": [0, -145, 0],
						"4.76": [0, -193.75, 0],
						"5.08": [0, -193.75, 0],
						"5.2": [0, -360, 0]
					},
					"position": {
						"1.2": [0, 0, 0],
						"1.4": [0, 0, 7.78],
						"1.44": [0, -8, 9.34],
						"1.56": [0, -8, 14],
						"1.68": [-12, -8, 14],
						"3.0": [-12, -8, 14],
						"3.52": [9, -8, 14],
						"4.56": [9, -8, 14],
						"4.96": [5, -8, 9.34],
						"5.0": [2, 0, 7.78],
						"5.2": [0, 0, 0]
					}
				},
				"red_body": {
					"rotation": {
						"0.0": [0, 0, 0],
						"1.16": [0, 0, 0],
						"1.2": [-7.5, 0, -12.5],
						"1.64": [-7.5, 0, -12.5],
						"1.68": [-7.5, 7.5, -12.5],
						"1.84": [-7.5, -22.5, -12.5],
						"1.96": [-7.5, 0, -12.5],
						"5.24": [-7.5, 0, -12.5],
						"5.36": [0, 0, 0]
					},
					"position": [0, 0, 0]
				},
				"red_head": {
					"rotation": {
						"0.0": [0, 0, 0],
						"1.36": [0, 0, 0],
						"1.48": [-5, -7.5, 0],
						"1.68": [-15, 47.5, -22.5],
						"1.92": [-15, 47.5, -22.5],
						"2.36": [4.64, 55.36, -34.29],
						"5.24": [4.64, 55.36, -34.29],
						"5.56": [0, 0, 0]
					},
					"position": {
						"0.0": [0, 0, 0],
						"1.48": [0, 0, 0],
						"1.68": [2, 1.5, -1],
						"5.24": [2, 1.5, -1],
						"5.56": [0, 0, 0]
					},
					"scale": 1
				},
				"red_leftArm": {
					"rotation": {
						"0.0": [0, 0, 0],
						"0.44": [-12.5, 0, -15],
						"1.04": [0, 0, 0],
						"1.24": [27.5, -25, 90],
						"1.56": [27.5, -25, 90],
						"1.72": [5, -25, 42.5],
						"1.76": [-20, -52.5, 60],
						"1.84": [30, -102.5, 25],
						"1.92": [92.5, -57.5, -60],
						"2.12": [92.5, -57.5, -60],
						"2.84": [70, -57.5, -60],
						"3.0": [75, -57.5, -60],
						"3.12": [64.31, -80, -27.5],
						"3.56": [92.5, -57.5, -60],
						"4.12": [82.5, -53.78, -63.43],
						"4.72": [92.5, -57.5, -60],
						"5.24": [92.5, -57.5, -60],
						"5.56": [0, 0, 0],
						"6.04": [-12.5, 0, -15]
					},
					"position": {
						"1.04": [0, 0, 0],
						"1.68": [0, 0, 0],
						"1.92": [0, 2, 3],
						"5.24": [0, 2, 3],
						"5.56": [0, 0, 0]
					},
					"scale": 1
				},
				"red_rightArm": {
					"rotation": {
						"0.0": [0, 0, 0],
						"0.48": [0, 0, 8],
						"0.96": [0, 0, 0],
						"1.2": [0, 67.5, -37.5],
						"1.44": [35, 67.5, 25],
						"1.68": [-35, 67.5, -75],
						"1.84": [-35, 77.5, -97.5],
						"2.0": [-35, 67.5, -75],
						"2.28": [-35, 67.5, -75],
						"2.64": [-29.11, 56.43, -67.68],
						"3.04": [-35, 67.5, -75],
						"3.2": [-40.86, 86.09, -109.77],
						"3.56": [-35, 67.5, -75],
						"4.12": [-35, 67.5, -75],
						"4.32": [-147.5, 5, -82.5],
						"4.44": [-35, 45, -35],
						"4.6": [-35, 67.5, -75],
						"5.24": [-35, 67.5, -75],
						"5.56": [0, 0, 0],
						"6.04": [0, 0, 8],
						"6.08": [0, 0, 0]
					},
					"position": {
						"0.0": [0, 0, 0],
						"1.16": [0, 0, 0],
						"1.2": [1, 1.6, -1.5],
						"4.12": [1, 1.6, -1.5],
						"5.24": [1, 1.6, -1.5],
						"5.56": [0, 0, 0]
					},
					"scale": 1
				},
				"red_rightLeg": {
					"rotation": {
						"1.08": [0, 0, 0],
						"1.2": [-10, -32.5, 11],
						"1.32": [-17.5, -18, 42.5],
						"1.52": [20.23, -24.08, -31.77],
						"1.72": [-8.93, -7.04, 20.58],
						"2.96": [-8.93, -7.04, 20.58],
						"3.16": [20.23, -24.08, -31.77],
						"3.36": [-17.5, -15.5, 35],
						"3.52": [-10, -32.5, 11],
						"4.56": [-10, -32.5, 11],
						"4.8": [-17.5, -15.5, 35],
						"5.16": [-10, -32.5, 11],
						"5.48": [0, 0, 0]
					},
					"position": {
						"1.16": [0, 0, 0],
						"1.2": [2, 0, -3],
						"5.16": [2, 0, -3],
						"5.48": [0, 0, 0]
					},
					"scale": 1
				},
				"red_leftleg": {
					"rotation": {
						"1.08": [0, 0, 0],
						"1.2": [0, 17, -20],
						"1.32": [13.33, 23.67, -33.33],
						"1.52": [-24.59, 18.46, 7.09],
						"1.72": [-18.24, 45.88, -50.94],
						"2.96": [-18.24, 45.88, -50.94],
						"3.16": [-24.59, 18.46, 7.09],
						"3.36": [13.33, 23.67, -33.33],
						"3.52": [0, 17, -20],
						"4.56": [0, 17, -20],
						"4.8": [13.33, 23.67, -33.33],
						"5.16": [0, 17, -20],
						"5.48": [0, 0, 0]
					},
					"position": {
						"1.16": [0, 0, 0],
						"1.2": [2.1, 0.5, -2.1],
						"5.16": [2, 0.5, -3],
						"5.48": [0, 0, 0]
					},
					"scale": 1
				},
				"blue_team_player": {
					"rotation": {
						"1.4": [0, 0, 0],
						"1.84": [0, 0, 0],
						"2.04": [60, 30, 0],
						"2.24": [60, 30, -50],
						"2.4": [60, 30, -92.5],
						"2.68": [60, 30, -162.5],
						"2.72": [0, 0, 0],
						"5.72": [0, 0, 0]
					},
					"position": {
						"1.48": [0, 0, 0],
						"1.6": [4, 0, 7],
						"2.04": [4, 0, 7],
						"2.24": [-1, 6, 7],
						"2.4": [-6, 6, 7],
						"2.48": [-8.78, 1.64, 7],
						"2.6": [-16, -12, 7],
						"5.68": [0, 67, 0],
						"5.72": [0, 67, 0],
						"6.12": [0, 0, 0]
					},
					"scale": {
						"6.12": [1, 1, 1],
						"6.2": [1, 0.8, 1],
						"6.28": [1, 1, 1]
					}
				},
				"blue_body": {
					"rotation": {
						"0.04": [0, 0, 0],
						"0.08": [-10, -15, 5],
						"0.24": [0, 0, 0],
						"0.28": [0, 0, 0],
						"0.32": [-10, -15, 5],
						"0.48": [0, 0, 0],
						"0.52": [0, 0, 0],
						"0.56": [-10, -15, 5],
						"0.72": [0, 0, 0],
						"0.76": [0, 0, 0],
						"0.8": [-10, -15, 5],
						"0.96": [0, 0, 0]
					},
					"scale": {
						"0.0": [1, 1, 1],
						"2.44": [1, 1, 1],
						"2.48": [0, 0, 0],
						"5.8": [0, 0, 0],
						"5.84": [1, 1, 1]
					}
				},
				"blue_head": {
					"scale": {
						"2.36": [1, 1, 1],
						"2.4": [0, 0, 0],
						"5.88": [0, 0, 0],
						"5.92": [1, 1, 1]
					}
				},
				"blue_leftArm": {
					"rotation": {
						"0.0": [0, 0, 0],
						"0.04": [15, -17.5, 0],
						"0.08": [15, -50, 15],
						"0.12": [15, -30, 15],
						"0.16": [7.5, 20, -2.5],
						"0.2": [7.5, 27.5, -2.5],
						"0.24": [0, 0, 0],
						"0.28": [15, -17.5, 0],
						"0.32": [15, -50, 15],
						"0.36": [15, -30, 15],
						"0.4": [7.5, 20, -2.5],
						"0.44": [7.5, 27.5, -2.5],
						"0.48": [0, 0, 0],
						"0.52": [15, -17.5, 0],
						"0.56": [15, -50, 15],
						"0.6": [15, -30, 15],
						"0.64": [7.5, 20, -2.5],
						"0.68": [7.5, 27.5, -2.5],
						"0.72": [0, 0, 0],
						"0.76": [15, -17.5, 0],
						"0.8": [15, -50, 15],
						"0.84": [15, -30, 15],
						"0.88": [7.5, 20, -2.5],
						"0.92": [7.5, 27.5, -2.5],
						"0.96": [-25, 10, 0],
						"1.44": [-35, 10, 15],
						"1.56": [-25, 10, 0],
						"1.76": [39.64, 7.14, 0],
						"1.84": [15, -50, 15],
						"2.24": [15, 2.5, 2.5],
						"2.48": [57.15, -45.06, 2.44],
						"5.68": [0, 0, 0]
					},
					"scale": {
						"2.44": [1, 1, 1],
						"2.48": [0, 0, 0],
						"5.84": [0, 0, 0],
						"5.88": [1, 1, 1]
					}
				},
				"blue_pickaxe": {
					"scale": {
						"2.36": [1, 1, 1],
						"2.4": [0, 0, 0],
						"5.68": [0, 0, 0],
						"5.72": [1, 1, 1]
					}
				},
				"blue_rightArm": {
					"rotation": {
						"0.0": [0, 0, 0],
						"0.12": [0, 0, 5],
						"0.24": [0, 0, 0],
						"0.36": [0, 0, 5],
						"0.48": [0, 0, 0],
						"0.6": [0, 0, 5],
						"0.72": [0, 0, 0],
						"0.84": [0, 0, 5],
						"0.96": [0, 0, 0],
						"1.44": [0, 0, -10],
						"1.56": [0, 0, 0],
						"1.88": [0, 0, 0],
						"2.24": [42.5, 30, 7.5],
						"2.4": [87.5, 30, 35]
					},
					"position": [0, -1, 0],
					"scale": {
						"2.44": [1, 1, 1],
						"2.48": [0, 0, 0],
						"5.84": [0, 0, 0],
						"5.88": [1, 1, 1]
					}
				},
				"blue_leftLeg": {
					"rotation": {
						"1.48": [0, 0, 0],
						"1.6": [-47.5, 0, 0],
						"1.68": [0, 0, 0]
					},
					"scale": {
						"2.52": [1, 1, 1],
						"2.56": [0, 0, 0],
						"5.76": [0, 0, 0],
						"5.8": [1, 1, 1]
					}
				},
				"blue_rightLeg": {
					"rotation": {
						"1.48": [0, 0, 0],
						"1.6": [50, 0, 0],
						"1.68": [0, 0, 0]
					},
					"scale": {
						"2.52": [1, 1, 1],
						"2.56": [0, 0, 0],
						"5.76": [0, 0, 0],
						"5.8": [1, 1, 1]
					}
				},
				"break_particle_7": {
					"rotation": [0, 35, 0],
					"position": {
						"0.92": [0, 0, 16],
						"1.08": {
							"pre": [-2, 2, 18],
							"post": [-2, 2, 18],
							"lerp_mode": "catmullrom"
						},
						"1.24": [-5, -14, 21],
						"1.36": [-6, -14, 22]
					},
					"scale": {
						"0.92": [0.1, 0.1, 0.1],
						"2.08": [0.1, 0.1, 0.1],
						"2.12": [0, 0, 0]
					}
				},
				"drop_item": {
					"rotation": {
						"0.92": [0, 0, 0],
						"2.48": [0, 180, 0],
						"4.04": [0, 360, 0],
						"4.44": [0, 360, 0],
						"4.48": [0, 0, 0]
					},
					"position": {
						"0.92": [0, -3, 16],
						"1.04": {
							"pre": [4, 0, 16],
							"post": [4, 0, 16],
							"lerp_mode": "catmullrom"
						},
						"1.44": [14, -10, 19],
						"1.6": [14, -10, 19],
						"2.48": [14, -9, 19],
						"3.92": [14, -9.95, 19],
						"3.96": [14, -3.87, 10],
						"4.44": [0, 0, 16]
					},
					"scale": {
						"0.92": [0.3, 0.3, 0.3],
						"3.92": [0.3, 0.3, 0.3],
						"3.96": [0, 0, 0],
						"4.44": [0, 0, 0],
						"4.48": [1, 1, 1]
					}
				},
				"break_particle_8": {
					"rotation": [0, 15, 0],
					"position": {
						"0.92": [0, 0, 16],
						"1.08": {
							"pre": [2, 2, 16],
							"post": [2, 2, 16],
							"lerp_mode": "catmullrom"
						},
						"1.24": [6, -14, 16],
						"1.36": [7, -14, 16]
					},
					"scale": {
						"0.92": [0.1, 0.1, 0.1],
						"2.0": [0.1, 0.1, 0.1],
						"2.04": [0, 0, 0]
					}
				},
				"break_particle_1": {
					"position": {
						"0.92": [0, 0, 16],
						"1.08": {
							"pre": [0, 2, 17],
							"post": [0, 2, 17],
							"lerp_mode": "catmullrom"
						},
						"1.24": [0, -14, 20],
						"1.36": [0, -14, 21]
					},
					"scale": {
						"0.92": [0.1, 0.1, 0.1],
						"2.0": [0.1, 0.1, 0.1],
						"2.04": [0, 0, 0]
					}
				},
				"break_particle_2": {
					"rotation": [0, 125, 0],
					"position": {
						"0.92": [0, 0, 16],
						"1.08": {
							"pre": [-2, 2, 17],
							"post": [-2, 2, 17],
							"lerp_mode": "catmullrom"
						},
						"1.24": [-9, -7, 16],
						"1.36": [-10, -7, 16]
					},
					"scale": {
						"0.92": [0.1, 0.1, 0.1],
						"1.88": [0.1, 0.1, 0.1],
						"1.92": [0, 0, 0]
					}
				},
				"break_particle_3": {
					"position": {
						"0.92": [0, 0, 16],
						"1.08": {
							"pre": [-1, 2, 11],
							"post": [-1, 2, 11],
							"lerp_mode": "catmullrom"
						},
						"1.24": [-1, -7, 8],
						"1.32": [-1, -14, 10.33],
						"1.36": [-1, -14, 11.33]
					},
					"scale": {
						"0.92": [0.1, 0.1, 0.1],
						"1.84": [0.1, 0.1, 0.1],
						"1.88": [0, 0, 0]
					}
				},
				"break_particle_4": {
					"position": {
						"0.92": [0, 0, 16],
						"1.08": {
							"pre": [3, 2, 16],
							"post": [3, 2, 16],
							"lerp_mode": "catmullrom"
						},
						"1.24": [10, -14, 12],
						"1.36": [11, -14, 11]
					},
					"scale": {
						"0.92": [0.1, 0.1, 0.1],
						"1.8": [0.1, 0.1, 0.1],
						"1.84": [0, 0, 0]
					}
				},
				"break_particle_5": {
					"position": {
						"0.92": [0, 0, 16],
						"1.08": {
							"pre": [1, 3, 20],
							"post": [1, 3, 20],
							"lerp_mode": "catmullrom"
						},
						"1.24": [4, -14, 22],
						"1.36": [5, -14, 25],
						"1.52": [5, -24, 25]
					},
					"scale": {
						"0.92": [0.1, 0.1, 0.1],
						"1.52": [0.1, 0.1, 0.1],
						"1.56": [0, 0, 0]
					}
				},
				"break_particle_6": {
					"rotation": [0, -20, 0],
					"position": {
						"0.92": [0, 0, 16],
						"1.08": {
							"pre": [-4, 2, 14],
							"post": [-4, 2, 14],
							"lerp_mode": "catmullrom"
						},
						"1.24": [-6, -14, 11],
						"1.36": [-7, -14, 10]
					},
					"scale": {
						"0.92": [0.1, 0.1, 0.1],
						"1.76": [0.1, 0.1, 0.1],
						"1.8": [0, 0, 0]
					}
				},
				"red_hand_block": {
					"scale": {
						"0.0": [0, 0, 0],
						"3.92": [0, 0, 0],
						"3.96": [1, 1, 1],
						"4.44": [1, 1, 1],
						"4.48": [0, 0, 0]
					}
				},
				"blue_lw": {
					"rotation": [7.5, "-22 + math.sin(query.anim_time * 350.0) * 20", "-25+ math.sin(query.anim_time * 350.0) * 15"],
					"position": [0.3, 1.5, "-0.5+(query.has_armor_slot(1) + 0.5 )"]
				},
				"blue_lw2": {
					"rotation": [0, " math.cos(query.anim_time * -350.0) * -35", 40]
				},
				"blue_lw3": {
					"rotation": [0, " math.cos(query.anim_time * -350.0) * -25 + 30", -10]
				},
				"blue_lw4": {
					"rotation": [0, " math.cos(query.anim_time * -350.0) * -25", 0]
				},
				"blue_rw": {
					"rotation": [7.5, "22 + math.sin(query.anim_time * -350.0) * 20", "25+ math.sin(query.anim_time * -350.0) * 15"],
					"position": [-0.3, 1.5, "-0.5+(query.has_armor_slot(1) + 0.5 )"]
				},
				"blue_rw2": {
					"rotation": [0, " math.cos(query.anim_time * 350.0) * 35", -40]
				},
				"blue_rw3": {
					"rotation": [0, " math.cos(query.anim_time * 350.0) * 25 - 30", 10]
				},
				"blue_rw4": {
					"rotation": [0, " math.cos(query.anim_time * 350.0) * 25", 0]
				},
				"blue_custom_wings": {
					"position": [0, -1.8, -0.2],
					"scale": {
						"0.0": [0.85, 0.85, 0.85],
						"2.44": [0.85, 0.85, 0.85],
						"2.48": [0, 0, 0],
						"5.8": [0, 0, 0],
						"5.84": [0.85, 0.85, 0.85]
					}
				},
				"npc_bedwars": {
					"position": [-8, 16, 8],
					"scale": 1
				}
			}
		}
	}
}