{
	"format_version": "1.8.0",
	"animations": {
		"animation.npc_skyland.idle": {
			"loop": true,
			"animation_length": 2.36,
			"bones": {
				"npc_skyland_1": {
					"scale": {
						"0.0": [1, 1, 1],
						"0.08": {"pre": [1, 1, 1], "post": [0, 0, 0]}
					}
				},
				"npc_skyland_2": {
					"scale": {
						"0.0": [0, 0, 0],
						"0.08": {"pre": [0, 0, 0], "post": [1, 1, 1]},
						"0.16": {"pre": [1, 1, 1], "post": [0, 0, 0]}
					}
				},
				"npc_skyland_3": {
					"scale": {
						"0.0": [0, 0, 0],
						"0.16": {"pre": [0, 0, 0], "post": [1, 1, 1]},
						"0.24": {"pre": [1, 1, 1], "post": [0, 0, 0]}
					}
				},
				"npc_skyland_4": {
					"scale": {
						"0.0": [0, 0, 0],
						"0.24": {"pre": [0, 0, 0], "post": [1, 1, 1]},
						"0.32": {"pre": [1, 1, 1], "post": [0, 0, 0]}
					}
				},
				"npc_skyland_5": {
					"scale": {
						"0.0": [0, 0, 0],
						"0.32": {"pre": [0, 0, 0], "post": [1, 1, 1]},
						"0.4": {"pre": [1, 1, 1], "post": [0, 0, 0]}
					}
				},
				"npc_skyland_6": {
					"scale": {
						"0.0": [0, 0, 0],
						"0.4": {"pre": [0, 0, 0], "post": [1, 1, 1]},
						"0.48": {"pre": [1, 1, 1], "post": [0, 0, 0]}
					}
				},
				"npc_skyland_7": {
					"scale": {
						"0.0": [0, 0, 0],
						"0.48": {"pre": [0, 0, 0], "post": [1, 1, 1]},
						"0.6": {"pre": [1, 1, 1], "post": [0, 0, 0]}
					}
				},
				"npc_skyland_8": {
					"scale": {
						"0.0": [0, 0, 0],
						"0.6": {"pre": [0, 0, 0], "post": [1, 1, 1]},
						"0.72": {"pre": [1, 1, 1], "post": [0, 0, 0]}
					}
				},
				"npc_skyland_9": {
					"scale": {
						"0.0": [0, 0, 0],
						"0.72": {"pre": [0, 0, 0], "post": [1, 1, 1]},
						"0.84": {"pre": [1, 1, 1], "post": [0, 0, 0]}
					}
				},
				"npc_skyland_10": {
					"scale": {
						"0.0": [0, 0, 0],
						"0.84": {"pre": [0, 0, 0], "post": [1, 1, 1]},
						"0.96": {"pre": [1, 1, 1], "post": [0, 0, 0]}
					}
				},
				"npc_skyland_Player": {
					"position": [0, 0, 0]
				},
				"npc_skyland_player_body": {
					"rotation": {
						"0.04": [0, 0, 0],
						"0.08": [-10, -15, 5],
						"0.24": [0, 0, 0],
						"0.28": [0, 0, 0],
						"0.32": [-10, -15, 5],
						"0.48": [0, 0, 0],
						"0.52": [0, 0, 0],
						"0.56": [-10, -15, 5],
						"0.72": [0, 0, 0],
						"0.76": [0, 0, 0],
						"0.8": [-10, -15, 5],
						"0.96": [0, 0, 0]
					}
				},
				"npc_skyland_player_head": {
					"rotation": {
						"1.0": [-12.5, 0, 0],
						"1.24": [-25, 10, 0],
						"1.96": [-25, 10, 0],
						"2.2": [-12.5, 0, 0]
					}
				},
				"npc_skyland_player_leftArm": {
					"rotation": {
						"0.0": [-25, 10, 0],
						"0.04": [0, 0, 0],
						"0.08": [0, 0, 0],
						"0.12": [15, -17.5, 0],
						"0.16": [15, -50, 15],
						"0.2": [15, -30, 15],
						"0.24": [7.5, 20, -2.5],
						"0.28": [7.5, 27.5, -2.5],
						"0.32": [0, 0, 0],
						"0.36": [15, -17.5, 0],
						"0.4": [15, -50, 15],
						"0.44": [15, -30, 15],
						"0.48": [7.5, 20, -2.5],
						"0.52": [7.5, 27.5, -2.5],
						"0.56": [0, 0, 0],
						"0.6": [15, -17.5, 0],
						"0.64": [15, -50, 15],
						"0.68": [15, -30, 15],
						"0.72": [7.5, 20, -2.5],
						"0.76": [7.5, 27.5, -2.5],
						"0.8": [0, 0, 0],
						"0.84": [15, -17.5, 0],
						"0.88": [15, -50, 15],
						"0.92": [15, -30, 15],
						"0.96": [7.5, 20, -2.5],
						"1.0": [7.5, 27.5, -2.5],
						"1.04": [-25, 10, 0],
						"1.64": {
							"pre": [-35, 10, 15],
							"post": [-35, 10, 15],
							"lerp_mode": "catmullrom"
						}
					}
				},
				"npc_skyland_player_rightArm": {
					"rotation": {
						"0.0": [0, 0, 2.5],
						"0.12": [0, 0, 0],
						"0.24": [0, 0, 0],
						"0.36": [0, 0, 5],
						"0.48": [0, 0, 0],
						"0.6": [0, 0, 5],
						"0.72": [0, 0, 0],
						"0.84": [0, 0, 5],
						"0.96": [0, 0, 0],
						"1.08": [0, 0, 5],
						"1.2": [0, 0, 0],
						"1.8": {
							"pre": [0, 0, -10],
							"post": [0, 0, -10],
							"lerp_mode": "catmullrom"
						}
					},
					"position": [0, -1, 0]
				},
				"npc_skyland_bone6": {
					"rotation": {
						"0.88": [0, 0, 0],
						"1.88": [0, 112.5, 0],
						"2.0": [0, 0, 0]
					},
					"position": {
						"0.88": [0, 5, 16],
						"1.08": {
							"pre": [-5, 13, 12],
							"post": [-5, 13, 12],
							"lerp_mode": "catmullrom"
						},
						"1.28": [-13, 11, 3],
						"1.8": [-13, 13, 3],
						"1.88": {
							"pre": [-16, 25, 3],
							"post": [-16, 25, 3],
							"lerp_mode": "catmullrom"
						},
						"2.0": [0, 0, 16],
						"2.16": [0, 0, 16]
					},
					"scale": {
						"0.88": [0.3, 0.3, 0.3],
						"1.84": [0.3, 0.3, 0.3],
						"1.88": [0, 0, 0],
						"1.96": [0, 0, 0],
						"2.0": [1, 1, 1],
						"2.16": [1, 1, 1]
					}
				},
				"npc_skyland_bone8": {
					"rotation": {
						"1.24": [0, 0, 0],
						"1.56": [0, -25, 0]
					},
					"position": {
						"0.92": [0, 6, 16],
						"1.08": {
							"pre": [-5, 13, 20],
							"post": [-5, 13, 20],
							"lerp_mode": "catmullrom"
						},
						"1.24": [-11, 9, 25],
						"1.56": {
							"pre": [-14, 9, 28],
							"post": [-14, 9, 28],
							"lerp_mode": "catmullrom"
						},
						"1.6": [-14, 9, 28],
						"2.16": [-14, 9, 28],
						"2.2": [0, 6, 16]
					},
					"scale": {
						"0.92": [0.1, 0.1, 0.1],
						"2.12": [0.1, 0.1, 0.1],
						"2.16": [0, 0, 0]
					}
				},
				"npc_skyland_bone9": {
					"rotation": {
						"1.24": [0, 125, 0],
						"1.6": [0, 72.5, 0]
					},
					"position": {
						"0.92": [0, 6, 16],
						"1.08": {
							"pre": [-1, 14, 14],
							"post": [-1, 14, 14],
							"lerp_mode": "catmullrom"
						},
						"1.24": [-5, 9, 5],
						"1.6": {
							"pre": [-6, 9, 2],
							"post": [-6, 9, 2],
							"lerp_mode": "catmullrom"
						},
						"1.64": [-6, 9, 2],
						"2.32": [-6, 9, 2],
						"2.36": [0, 6, 16]
					},
					"scale": {
						"0.92": [0.1, 0.1, 0.1],
						"2.24": [0.1, 0.1, 0.1],
						"2.28": [0, 0, 0]
					}
				},
				"npc_skyland_bone10": {
					"position": {
						"0.92": [0, 6, 16],
						"1.08": {
							"pre": [-1, 2, 11],
							"post": [-1, 2, 11],
							"lerp_mode": "catmullrom"
						},
						"1.24": [-14, -3, 14]
					},
					"scale": 0.1
				},
				"npc_skyland_bone11": {
					"rotation": {
						"1.24": [0, 0, 0],
						"1.36": [0, -57.5, 0]
					},
					"position": {
						"0.92": [0, 6, 16],
						"1.08": {
							"pre": [4, 12, 12],
							"post": [4, 12, 12],
							"lerp_mode": "catmullrom"
						},
						"1.24": {
							"post": [10, 9, 5],
							"lerp_mode": "catmullrom"
						},
						"1.64": [13, 8.7, 2],
						"2.04": [13, 8.7, 2],
						"2.08": [0, 6, 16]
					},
					"scale": {
						"0.92": [0.1, 0.1, 0.1],
						"2.0": [0.1, 0.1, 0.1],
						"2.04": [0, 0, 0]
					}
				},
				"npc_skyland_bone12": {
					"rotation": {
						"1.24": [0, 0, 0],
						"1.52": [0, -35, 0]
					},
					"position": {
						"0.92": [0, 6, 16],
						"1.08": {
							"pre": [1, 12, 20],
							"post": [1, 12, 20],
							"lerp_mode": "catmullrom"
						},
						"1.24": [4, 9, 27],
						"1.52": [6.43, 8.86, 33.14],
						"1.8": [6.43, 8.86, 33.14],
						"1.84": [0, 6, 16]
					},
					"scale": {
						"0.92": [0.1, 0.1, 0.1],
						"1.76": [0.1, 0.1, 0.1],
						"1.8": [0, 0, 0]
					}
				},
				"npc_skyland_bone13": {
					"position": {
						"0.92": [0, 6, 16],
						"1.08": {
							"pre": [4, 10, 14],
							"post": [4, 10, 14],
							"lerp_mode": "catmullrom"
						},
						"1.36": {
							"post": [14, 5, 11],
							"lerp_mode": "catmullrom"
						},
						"1.92": [10.33, 3.46, 10.47]
					},
					"scale": {
						"0.92": [0.1, 0.1, 0.1],
						"1.92": [0.1, 0.1, 0.1],
						"1.96": [0, 0, 0]
					}
				},
				"npc_skyland_bone14": {
					"position": {
						"0.92": [0, 6, 16],
						"1.08": {
							"pre": [-5, 8, 16],
							"post": [-5, 8, 16],
							"lerp_mode": "catmullrom"
						},
						"1.24": [-11, 7, 16]
					},
					"scale": 0.1
				},
				"npc_skyland_bone7": {
					"position": {
						"0.92": [0, 0, 16],
						"1.08": {
							"pre": [2, 2, 16],
							"post": [2, 2, 16],
							"lerp_mode": "catmullrom"
						},
						"1.24": [6, -14, 16],
						"1.36": [7, -14, 16]
					},
					"scale": 0.1
				},
				"npc_skyland_ChestTop": {
					"rotation": [0, 0, 0]
				},
				"npc_skyland": {
					"rotation": [0, 90, 0],
					"position": [13.5, -17, -15],
					"scale": 0.65
				},
				"npc_skyland_player2_rightArm": {
					"rotation": {
						"0.0": {
							"post": [-25, 10, 0],
							"lerp_mode": "catmullrom"
						},
						"0.68": {
							"post": [-25, 10, 0],
							"lerp_mode": "catmullrom"
						},
						"0.72": [0, 0, 0],
						"0.76": [0, 0, 0],
						"0.8": [15, -17.5, 0],
						"0.84": [15, -50, 15],
						"0.88": [15, -30, 15],
						"0.92": [7.5, 20, -2.5],
						"0.96": [7.5, 27.5, -2.5],
						"1.0": [0, 0, 0],
						"1.04": [15, -17.5, 0],
						"1.08": [15, -50, 15],
						"1.12": [15, -30, 15],
						"1.16": [7.5, 20, -2.5],
						"1.2": [7.5, 27.5, -2.5],
						"1.24": [0, 0, 0],
						"1.28": [15, -17.5, 0],
						"1.32": [15, -50, 15],
						"1.36": [15, -30, 15],
						"1.4": [7.5, 20, -2.5],
						"1.44": [7.5, 27.5, -2.5],
						"1.48": [0, 0, 0],
						"1.52": [15, -17.5, 0],
						"1.56": [15, -50, 15],
						"1.6": [15, -30, 15],
						"1.64": [7.5, 20, -2.5],
						"1.68": [7.5, 27.5, -2.5],
						"1.72": [-25, 10, 0],
						"2.12": {
							"pre": [-35, 10, 15],
							"post": [-35, 10, 15],
							"lerp_mode": "catmullrom"
						},
						"2.36": {
							"post": [-25, 10, 0],
							"lerp_mode": "catmullrom"
						}
					}
				},
				"water_flow_13": {
					"scale": {
						"0.0": [0, 0, 0],
						"1.72": {"pre": [0, 0, 0], "post": [1, 1, 1]},
						"1.88": {"pre": [1, 1, 1], "post": [0, 0, 0]}
					}
				},
				"water_flow_1": {
					"scale": {
						"0.0": [1, 1, 1],
						"0.12": {"pre": [1, 1, 1], "post": [0, 0, 0]},
						"2.32": {"pre": [0, 0, 0], "post": [1, 1, 1]}
					}
				},
				"water_flow_2": {
					"scale": {
						"0.0": [0, 0, 0],
						"0.12": {"pre": [0, 0, 0], "post": [1, 1, 1]},
						"0.24": {"pre": [1, 1, 1], "post": [0, 0, 0]}
					}
				},
				"water_flow_3": {
					"scale": {
						"0.0": [0, 0, 0],
						"0.24": {"pre": [0, 0, 0], "post": [1, 1, 1]},
						"0.36": {"pre": [1, 1, 1], "post": [0, 0, 0]}
					}
				},
				"water_flow_4": {
					"scale": {
						"0.0": [0, 0, 0],
						"0.36": {"pre": [0, 0, 0], "post": [1, 1, 1]},
						"0.48": {"pre": [1, 1, 1], "post": [0, 0, 0]}
					}
				},
				"water_flow_5": {
					"scale": {
						"0.0": [0, 0, 0],
						"0.48": {"pre": [0, 0, 0], "post": [1, 1, 1]},
						"0.6": {"pre": [1, 1, 1], "post": [0, 0, 0]}
					}
				},
				"water_flow_6": {
					"scale": {
						"0.0": [0, 0, 0],
						"0.6": {"pre": [0, 0, 0], "post": [1, 1, 1]},
						"0.72": {"pre": [1, 1, 1], "post": [0, 0, 0]}
					}
				},
				"water_flow_7": {
					"scale": {
						"0.0": [0, 0, 0],
						"0.72": {"pre": [0, 0, 0], "post": [1, 1, 1]},
						"0.88": {"pre": [1, 1, 1], "post": [0, 0, 0]}
					}
				},
				"water_flow_8": {
					"scale": {
						"0.0": [0, 0, 0],
						"0.88": {"pre": [0, 0, 0], "post": [1, 1, 1]},
						"1.04": {"pre": [1, 1, 1], "post": [0, 0, 0]}
					}
				},
				"water_flow_9": {
					"scale": {
						"0.0": [0, 0, 0],
						"1.04": {"pre": [0, 0, 0], "post": [1, 1, 1]},
						"1.2": {"pre": [1, 1, 1], "post": [0, 0, 0]}
					}
				},
				"water_flow_10": {
					"scale": {
						"0.0": [0, 0, 0],
						"1.2": {"pre": [0, 0, 0], "post": [1, 1, 1]},
						"1.4": {"pre": [1, 1, 1], "post": [0, 0, 0]}
					}
				},
				"water_flow_11": {
					"scale": {
						"0.0": [0, 0, 0],
						"1.4": {"pre": [0, 0, 0], "post": [1, 1, 1]},
						"1.56": {"pre": [1, 1, 1], "post": [0, 0, 0]}
					}
				},
				"water_flow_12": {
					"scale": {
						"0.0": [0, 0, 0],
						"1.56": {"pre": [0, 0, 0], "post": [1, 1, 1]},
						"1.72": {"pre": [1, 1, 1], "post": [0, 0, 0]}
					}
				},
				"water_flow_14": {
					"scale": {
						"0.0": [0, 0, 0],
						"1.88": {"pre": [0, 0, 0], "post": [1, 1, 1]},
						"2.04": {"pre": [1, 1, 1], "post": [0, 0, 0]}
					}
				},
				"water_flow_15": {
					"scale": {
						"0.0": [0, 0, 0],
						"2.04": {"pre": [0, 0, 0], "post": [1, 1, 1]},
						"2.2": {"pre": [1, 1, 1], "post": [0, 0, 0]}
					}
				},
				"water_flow_16": {
					"scale": {
						"0.0": [0, 0, 0],
						"2.2": {"pre": [0, 0, 0], "post": [1, 1, 1]},
						"2.36": {"pre": [1, 1, 1], "post": [0, 0, 0]}
					}
				},
				"lava_flow_1": {
					"scale": {
						"0.0": [1, 1, 1],
						"0.24": {"pre": [1, 1, 1], "post": [0, 0, 0]},
						"2.36": {"pre": [0, 0, 0], "post": [1, 1, 1]}
					}
				},
				"lava_flow_2": {
					"scale": {
						"0.0": [0, 0, 0],
						"0.24": {"pre": [0, 0, 0], "post": [1, 1, 1]},
						"0.48": {"pre": [1, 1, 1], "post": [0, 0, 0]}
					}
				},
				"lava_flow_3": {
					"scale": {
						"0.0": [0, 0, 0],
						"0.48": {"pre": [0, 0, 0], "post": [1, 1, 1]},
						"0.72": {"pre": [1, 1, 1], "post": [0, 0, 0]}
					}
				},
				"lava_flow_4": {
					"scale": {
						"0.0": [0, 0, 0],
						"0.72": {"pre": [0, 0, 0], "post": [1, 1, 1]},
						"0.96": {"pre": [1, 1, 1], "post": [0, 0, 0]}
					}
				},
				"lava_flow_5": {
					"scale": {
						"0.0": [0, 0, 0],
						"0.96": {"pre": [0, 0, 0], "post": [1, 1, 1]},
						"1.2": {"pre": [1, 1, 1], "post": [0, 0, 0]}
					}
				},
				"lava_flow_6": {
					"scale": {
						"0.0": [0, 0, 0],
						"1.2": {"pre": [0, 0, 0], "post": [1, 1, 1]},
						"1.44": {"pre": [1, 1, 1], "post": [0, 0, 0]}
					}
				},
				"lava_flow_7": {
					"scale": {
						"0.0": [0, 0, 0],
						"1.44": {"pre": [0, 0, 0], "post": [1, 1, 1]},
						"1.68": {"pre": [1, 1, 1], "post": [0, 0, 0]}
					}
				},
				"lava_flow_8": {
					"scale": {
						"0.0": [0, 0, 0],
						"1.68": {"pre": [0, 0, 0], "post": [1, 1, 1]},
						"1.92": {"pre": [1, 1, 1], "post": [0, 0, 0]}
					}
				},
				"lava_flow_9": {
					"scale": {
						"0.0": [0, 0, 0],
						"1.92": [1, 1, 1],
						"2.16": {"pre": [1, 1, 1], "post": [0, 0, 0]}
					}
				},
				"lava_flow_10": {
					"scale": {
						"0.0": [0, 0, 0],
						"2.16": {"pre": [0, 0, 0], "post": [1, 1, 1]},
						"2.36": {"pre": [1, 1, 1], "post": [0, 0, 0]}
					}
				},
				"trunk_break_1": {
					"scale": {
						"0.0": [0, 0, 0],
						"0.8": {"pre": [0, 0, 0], "post": [1, 1, 1]},
						"0.88": {"pre": [1, 1, 1], "post": [0, 0, 0]}
					}
				},
				"trunk_break_2": {
					"scale": {
						"0.0": [0, 0, 0],
						"0.88": {"pre": [0, 0, 0], "post": [1, 1, 1]},
						"0.96": {"pre": [1, 1, 1], "post": [0, 0, 0]}
					}
				},
				"trunk_break_3": {
					"scale": {
						"0.0": [0, 0, 0],
						"0.96": {"pre": [0, 0, 0], "post": [1, 1, 1]},
						"1.04": {"pre": [1, 1, 1], "post": [0, 0, 0]}
					}
				},
				"trunk_break_4": {
					"scale": {
						"0.0": [0, 0, 0],
						"1.04": {"pre": [0, 0, 0], "post": [1, 1, 1]},
						"1.12": {"pre": [1, 1, 1], "post": [0, 0, 0]}
					}
				},
				"trunk_break_5": {
					"scale": {
						"0.0": [0, 0, 0],
						"1.12": {"pre": [0, 0, 0], "post": [1, 1, 1]},
						"1.2": {"pre": [1, 1, 1], "post": [0, 0, 0]}
					}
				},
				"trunk_break_6": {
					"scale": {
						"0.0": [0, 0, 0],
						"1.2": {"pre": [0, 0, 0], "post": [1, 1, 1]},
						"1.28": {"pre": [1, 1, 1], "post": [0, 0, 0]}
					}
				},
				"trunk_break_7": {
					"scale": {
						"0.0": [0, 0, 0],
						"1.28": {"pre": [0, 0, 0], "post": [1, 1, 1]},
						"1.36": {"pre": [1, 1, 1], "post": [0, 0, 0]}
					}
				},
				"trunk_break_8": {
					"scale": {
						"0.0": [0, 0, 0],
						"1.36": {"pre": [0, 0, 0], "post": [1, 1, 1]},
						"1.44": {"pre": [1, 1, 1], "post": [0, 0, 0]}
					}
				},
				"trunk_break_9": {
					"scale": {
						"0.0": [0, 0, 0],
						"1.44": {"pre": [0, 0, 0], "post": [1, 1, 1]},
						"1.56": {"pre": [1, 1, 1], "post": [0, 0, 0]}
					}
				},
				"trunk_break_10": {
					"scale": {
						"0.0": [0, 0, 0],
						"1.56": {"pre": [0, 0, 0], "post": [1, 1, 1]},
						"1.64": {"pre": [1, 1, 1], "post": [0, 0, 0]}
					}
				},
				"trunk_default": {
					"rotation": {
						"0.0": [0, -150, 0],
						"0.08": [0, -180, 0],
						"0.16": [0, -210, 0],
						"0.24": [0, -240, 0],
						"0.32": [0, -270, 0],
						"0.4": [0, -300, 0],
						"0.48": [0, -330, 0],
						"0.68": [0, 0, 0],
						"0.8": [0, 0, 0],
						"1.84": [0, -20, 0],
						"1.96": [0, -50, 0],
						"2.08": [0, -80, 0],
						"2.2": [0, -110, 0],
						"2.36": [0, -150, 0]
					},
					"position": {
						"0.0": [5, -5.5, 6],
						"0.12": [5, -3.5, 6],
						"0.24": [5, -5.5, 6],
						"0.4": [5, -3.5, 6],
						"0.48": [5, -5.5, 6],
						"0.6": [10.89, -8.18, 17.47],
						"0.68": [0, 0, 0],
						"0.8": [0, 0, 0],
						"1.64": [0, 0, 0],
						"1.84": {
							"pre": [4, 5, 4],
							"post": [4, 5, 4],
							"lerp_mode": "catmullrom"
						},
						"2.0": [5, -4, 6],
						"2.08": [5, -5.5, 6],
						"2.2": [5, -4, 6],
						"2.36": [5, -5.4, 6]
					},
					"scale": {
						"0.48": [0.3, 0.3, 0.3],
						"0.6": [0, 0, 0],
						"0.68": {"pre": [0, 0, 0], "post": [1, 1, 1]},
						"0.8": {"pre": [1, 1, 1], "post": [0, 0, 0]},
						"1.6": [0, 0, 0],
						"1.64": [0.3, 0.3, 0.3]
					}
				},
				"npc_skyland_Blocks": {
					"position": [-6, 0, -7]
				}
			}
		}
	}
}