{
	"format_version": "1.8.0",
	"animations": {
		"animation.npc_survival.idle": {
			"loop": true,
			"bones": {
				"water_wheel": {
					"rotation": ["query.anim_time * 45 ", 0, 0]
				},
				"water_pool": {
					"scale": "math.abs(math.sin(query.anim_time*100))/30 + 1"
				},
				"windmill": {
					"rotation": ["query.anim_time * 30 * -1", 0, 0]
				},
				"windwill_bone_1": {
					"rotation": [0, "query.anim_time * 30 ", 0]
				},
				"water1": {
					"position": [0, "-1 * (math.sin(query.anim_time*120))", "-1 * (math.sin(query.anim_time*120))"]
				},
				"modelisland": {
					"position": [-19.5, -0.6, 42],
					"scale": 0.28
				}
			}
		}
	}
}