{
	"format_version": "1.8.0",
	"animations": {
		"animation.cute_bat.move": {
			"loop": true,
			"animation_length": 0.8,
			"bones": {
				"pets_root": {
					"rotation": {
						"0.0": [15, 0, 0],
						"0.2": [15, 0, 0],
						"0.4": [15, 0, 0],
						"0.6": [15, 0, 0],
						"0.8": [15, 0, 0]
					},
					"position": {
						"0.0": [0, 4, 0],
						"0.2": [0, 3, 0],
						"0.4": [0, 4, 0],
						"0.6": [0, 3, 0],
						"0.8": [0, 4, 0]
					},
					"scale": 0.8
				},
				"pets_right_wings": {
					"rotation": {
						"0.0": [0, -90, 10],
						"0.2": [0, 40, -10],
						"0.4": [0, -90, 10],
						"0.6": [0, 40, -10],
						"0.8": [0, -90, 10]
					}
				},
				"pets_left_wings": {
					"rotation": {
						"0.0": [0, 90, -10],
						"0.2": [0, -40, 10],
						"0.4": [0, 90, -10],
						"0.6": [0, -40, 10],
						"0.8": [0, 90, -10]
					}
				},
				"pets_head": {
					"rotation": {
						"0.0": [-15, 0, 0],
						"0.2": [-10, 0, 0],
						"0.4": [-15, 0, 0],
						"0.6": [-10, 0, 0],
						"0.8": [-15, 0, 0]
					}
				},
				"ear_right": {
					"rotation": {
						"0.0": [0, 0, 0],
						"0.2": [0, -5, 0],
						"0.4": [0, 0, 0],
						"0.6": [0, -5, 0],
						"0.8": [0, 0, 0]
					}
				},
				"ear_left": {
					"rotation": {
						"0.0": [0, 0, 0],
						"0.2": [0, 5, 0],
						"0.4": [0, 0, 0],
						"0.6": [0, 5, 0],
						"0.8": [0, 0, 0]
					}
				}
			}
		},
		"animation.cute_bat.idle": {
			"loop": true,
			"animation_length": 0.8,
			"bones": {
				"pets_root": {
					"rotation": {
						"0.0": [15, 0, 0],
						"0.2": [15, 0, 0],
						"0.4": [15, 0, 0],
						"0.6": [15, 0, 0],
						"0.8": [15, 0, 0]
					},
					"position": {
						"0.0": [0, 4, 0],
						"0.2": [0, 3, 0],
						"0.4": [0, 4, 0],
						"0.6": [0, 3, 0],
						"0.8": [0, 4, 0]
					},
					"scale": 0.8
				},
				"pets_right_wings": {
					"rotation": {
						"0.0": [0, -90, 10],
						"0.2": [0, 40, -10],
						"0.4": [0, -90, 10],
						"0.6": [0, 40, -10],
						"0.8": [0, -90, 10]
					}
				},
				"pets_left_wings": {
					"rotation": {
						"0.0": [0, 90, -10],
						"0.2": [0, -40, 10],
						"0.4": [0, 90, -10],
						"0.6": [0, -40, 10],
						"0.8": [0, 90, -10]
					}
				},
				"pets_head": {
					"rotation": {
						"0.0": [-15, 0, 0],
						"0.2": [-10, 0, 0],
						"0.4": [-15, 0, 0],
						"0.6": [-10, 0, 0],
						"0.8": [-15, 0, 0]
					}
				},
				"ear_right": {
					"rotation": {
						"0.0": [0, 0, 0],
						"0.2": [0, -5, 0],
						"0.4": [0, 0, 0],
						"0.6": [0, -5, 0],
						"0.8": [0, 0, 0]
					}
				},
				"ear_left": {
					"rotation": {
						"0.0": [0, 0, 0],
						"0.2": [0, 5, 0],
						"0.4": [0, 0, 0],
						"0.6": [0, 5, 0],
						"0.8": [0, 0, 0]
					}
				}
			}
		},
		"animation.cute_bat.sit": {
			"loop": true,
			"animation_length": 0.8,
			"bones": {
				"pets_root": {
					"rotation": {
						"0.0": [15, 0, 0],
						"0.2": [15, 0, 0],
						"0.4": [15, 0, 0],
						"0.6": [15, 0, 0],
						"0.8": [15, 0, 0]
					},
					"position": {
						"0.0": [0, 4, 0],
						"0.2": [0, 3, 0],
						"0.4": [0, 4, 0],
						"0.6": [0, 3, 0],
						"0.8": [0, 4, 0]
					},
					"scale": 0.8
				},
				"pets_right_wings": {
					"rotation": {
						"0.0": [0, -90, 10],
						"0.2": [0, 40, -10],
						"0.4": [0, -90, 10],
						"0.6": [0, 40, -10],
						"0.8": [0, -90, 10]
					}
				},
				"pets_left_wings": {
					"rotation": {
						"0.0": [0, 90, -10],
						"0.2": [0, -40, 10],
						"0.4": [0, 90, -10],
						"0.6": [0, -40, 10],
						"0.8": [0, 90, -10]
					}
				},
				"pets_head": {
					"rotation": {
						"0.0": [-15, 0, 0],
						"0.2": [-10, 0, 0],
						"0.4": [-15, 0, 0],
						"0.6": [-10, 0, 0],
						"0.8": [-15, 0, 0]
					}
				},
				"ear_right": {
					"rotation": {
						"0.0": [0, 0, 0],
						"0.2": [0, -5, 0],
						"0.4": [0, 0, 0],
						"0.6": [0, -5, 0],
						"0.8": [0, 0, 0]
					}
				},
				"ear_left": {
					"rotation": {
						"0.0": [0, 0, 0],
						"0.2": [0, 5, 0],
						"0.4": [0, 0, 0],
						"0.6": [0, 5, 0],
						"0.8": [0, 0, 0]
					}
				}
			}
		}
	}
}