{
	"format_version": "1.8.0",
	"animations": {
		"animation.cute_chicken.move": {
			"loop": true,
			"animation_length": 0.8,
			"bones": {
				"pets_root": {
					"rotation": {
						"0.0": [0, 0, 0],
						"0.2": [0, 0, 3],
						"0.4": [0, 0, 0],
						"0.6": [0, 0, -3],
						"0.8": [0, 0, 0]
					},
					"position": {
						"0.0": [0, 0, 0],
						"0.2": [0, 0.25, 0],
						"0.4": [0, 0, 0],
						"0.6": [0, 0.25, 0],
						"0.8": [0, 0, 0]
					}
				},
				"pets_right_leg": {
					"rotation": {
						"0.0": [20, 0, 0],
						"0.4": [-20, 0, 0],
						"0.8": [20, 0, 0]
					},
					"position": {
						"0.0": [0, -0.25, 0],
						"0.2": [0, 0.25, 0],
						"0.4": [0, -0.25, 0]
					}
				},
				"pets_left_leg": {
					"rotation": {
						"0.0": [-20, 0, 0],
						"0.4": [20, 0, 0],
						"0.8": [-20, 0, 0]
					},
					"position": {
						"0.4": [0, -0.25, 0],
						"0.6": [0, 0.25, 0],
						"0.8": [0, -0.25, 0]
					}
				},
				"pets_right_wing": {
					"rotation": {
						"0.0": [0, 0, 0],
						"0.2": [0, -10, 10],
						"0.4": [0, 0, 0],
						"0.6": [0, -10, 10],
						"0.8": [0, 0, 0]
					},
					"position": {
						"0.0": [0, 0, 0],
						"0.4": [0, 0, 0],
						"0.8": [0, 0, 0]
					}
				},
				"pets_left_wing": {
					"rotation": {
						"0.0": [0, 0, 0],
						"0.2": [0, 10, -10],
						"0.4": [0, 0, 0],
						"0.6": [0, 10, -10],
						"0.8": [0, 0, 0]
					},
					"position": {
						"0.0": [0, 0, 0],
						"0.4": [0, 0, 0],
						"0.8": [0, 0, 0]
					}
				},
				"pets_head": {
					"rotation": {
						"0.0": [0, 0, 0],
						"0.2": [0, 0, -3],
						"0.4": [0, 0, 0],
						"0.6": [0, 0, 3],
						"0.8": [0, 0, 0]
					},
					"position": {
						"0.0": [0, 0, 0],
						"0.4": [0, 0, 0]
					}
				},
				"pets_tail": {
					"rotation": {
						"0.0": [0, 0, 0],
						"0.2": [0, -2, 0],
						"0.4": [0, 0, 0],
						"0.6": [0, 2, 0],
						"0.8": [0, 0, 0]
					},
					"position": [0, 0, 0]
				}
			}
		},
		"animation.cute_chicken.idle": {
			"loop": true,
			"animation_length": 1,
			"bones": {
				"pets_root": {
					"rotation": [-15, 0, 0],
					"position": [0, -1.5, 0]
				},
				"pets_right_leg": {
					"rotation": [-65, 25, 0],
					"position": [0, -0.25, 0]
				},
				"pets_left_leg": {
					"rotation": [-65, -25, 0],
					"position": [0, -0.25, 0]
				},
				"pets_right_wing": {
					"rotation": [0, -5, 0]
				},
				"pets_left_wing": {
					"rotation": [0, 5, 0]
				},
				"pets_head": {
					"rotation": [10, 0, 0]
				}
			}
		},
		"animation.cute_chicken.sit": {
			"loop": true,
			"animation_length": 1,
			"bones": {
				"pets_root": {
					"rotation": [-15, 0, 0],
					"position": [0, -1.5, 0]
				},
				"pets_right_leg": {
					"rotation": [-65, 25, 0],
					"position": [0, -0.25, 0]
				},
				"pets_left_leg": {
					"rotation": [-65, -25, 0],
					"position": [0, -0.25, 0]
				},
				"pets_right_wing": {
					"rotation": [0, -5, 0]
				},
				"pets_left_wing": {
					"rotation": [0, 5, 0]
				},
				"pets_head": {
					"rotation": [10, 0, 0]
				}
			}
		}
	}
}