{
	"format_version": "1.8.0",
	"animations": {
		"animation.cute_cow.move": {
			"loop": true,
			"animation_length": 0.8,
			"bones": {
				"pets_root": {
					"rotation": {
						"0.0": [0, 0, 0],
						"0.2": [0, 0, 2],
						"0.4": [0, 0, 0],
						"0.6": [0, 0, -2],
						"0.8": [0, 0, 0]
					},
					"position": {
						"0.0": [0, 0, 0],
						"0.2": [0, -0.25, 0],
						"0.4": [0, 0, 0],
						"0.6": [0, -0.25, 0],
						"0.8": [0, 0, 0]
					}
				},
				"pets_head": {
					"rotation": {
						"0.0": [0, 0, 0],
						"0.2": [0, 0, -3],
						"0.4": [0, 0, 0],
						"0.6": [0, 0, 3],
						"0.8": [0, 0, 0]
					},
					"position": {
						"0.0": [0, 0, 0],
						"0.2": [0, 0, 0],
						"0.4": [0, 0, 0],
						"0.6": [0, 0, 0],
						"0.8": [0, 0, 0]
					}
				},
				"pets_right_front_leg": {
					"rotation": {
						"0.0": [-30, 0, 0],
						"0.4": [25, 0, 0],
						"0.8": [-30, 0, 0]
					},
					"position": {
						"0.4": [0, 0, 0],
						"0.6": [0, 0.75, 0],
						"0.8": [0, 0, 0]
					}
				},
				"pets_left_front_leg": {
					"rotation": {
						"0.0": [30, 0, 0],
						"0.4": [-25, 0, 0],
						"0.8": [30, 0, 0]
					},
					"position": {
						"0.0": [0, 0, 0],
						"0.2": [0, 0.75, 0],
						"0.4": [0, 0, 0],
						"0.8": [0, 0, 0]
					}
				},
				"pets_right_back_leg": {
					"rotation": {
						"0.0": [20, 0, 0],
						"0.4": [-15, 0, 0],
						"0.8": [20, 0, 0]
					},
					"position": {
						"0.0": [0, 0, 0],
						"0.2": [0, 0.75, 0],
						"0.4": [0, 0, 0],
						"0.8": [0, 0, 0]
					}
				},
				"pets_left_back_leg": {
					"rotation": {
						"0.0": [-15, 0, 0],
						"0.4": [20, 0, 0],
						"0.8": [-15, 0, 0]
					},
					"position": {
						"0.4": [0, 0, 0],
						"0.6": [0, 0.75, 0],
						"0.8": [0, 0, 0]
					}
				},
				"right_ear": {
					"rotation": {
						"0.0": [0, 0, 0],
						"0.2": [0, 5, -5],
						"0.4": [0, 0, 0],
						"0.6": [0, 5, -5],
						"0.8": [0, 0, 0]
					},
					"position": {
						"0.0": [0, 0, 0],
						"0.4": [0, 0, 0],
						"0.8": [0, 0, 0]
					}
				},
				"left_ear": {
					"rotation": {
						"0.0": [0, 0, 0],
						"0.2": [0, -5, 5],
						"0.4": [0, 0, 0],
						"0.6": [0, -5, 5],
						"0.8": [0, 0, 0]
					},
					"position": {
						"0.0": [0, 0, 0],
						"0.4": [0, 0, 0],
						"0.8": [0, 0, 0]
					}
				},
				"pets_tail": {
					"rotation": {
						"0.0": [0, 0, 0],
						"0.2": [3, 0, -10],
						"0.4": [0, 0, 0],
						"0.6": [3, 0, 10],
						"0.8": [0, 0, 0]
					},
					"position": {
						"0.0": [0, 0, 0],
						"0.2": [0, 0, 0],
						"0.4": [0, 0, 0],
						"0.6": [0, 0, 0],
						"0.8": [0, 0, 0]
					}
				}
			}
		},
		"animation.cute_cow.idle": {
			"loop": true,
			"animation_length": 1,
			"bones": {
				"pets_root": {
					"rotation": [-15, 0, 0],
					"position": [0, -1.25, 0]
				},
				"pets_head": {
					"rotation": [15, 0, 0]
				},
				"right_ear": {
					"rotation": [0, 0, -10]
				},
				"left_ear": {
					"rotation": [0, 0, 15]
				},
				"pets_right_front_leg": {
					"rotation": [12, 0, 0],
					"position": [0, 0.25, -0.5]
				},
				"pets_left_front_leg": {
					"rotation": [15, 0, 0],
					"position": [0, 0.25, -0.5]
				},
				"pets_right_back_leg": {
					"rotation": [-65, 5, 0],
					"position": [0, -0.25, 0]
				},
				"pets_left_back_leg": {
					"rotation": [-65, -5, 0],
					"position": [0, -0.25, 0]
				},
				"pets_tail": {
					"rotation": [30, -10, 0],
					"position": [0, -0.25, 0]
				}
			}
		},
		"animation.cute_cow.sit": {
			"loop": true,
			"animation_length": 1,
			"bones": {
				"pets_root": {
					"rotation": [-15, 0, 0],
					"position": [0, -1.25, 0]
				},
				"pets_head": {
					"rotation": [15, 0, 0]
				},
				"right_ear": {
					"rotation": [0, 0, -10]
				},
				"left_ear": {
					"rotation": [0, 0, 15]
				},
				"pets_right_front_leg": {
					"rotation": [12, 0, 0],
					"position": [0, 0.25, -0.5]
				},
				"pets_left_front_leg": {
					"rotation": [15, 0, 0],
					"position": [0, 0.25, -0.5]
				},
				"pets_right_back_leg": {
					"rotation": [-65, 5, 0],
					"position": [0, -0.25, 0]
				},
				"pets_left_back_leg": {
					"rotation": [-65, -5, 0],
					"position": [0, -0.25, 0]
				},
				"pets_tail": {
					"rotation": [30, -10, 0],
					"position": [0, -0.25, 0]
				}
			}
		}
	}
}