{
	"format_version": "1.8.0",
	"animations": {
		"animation.cute_dolphin.move": {
			"loop": true,
			"animation_length": 1.04,
			"bones": {
				"pets_root": {
					"rotation": {
						"0.0": [-2.5, 0, 0],
						"0.52": [2.5, 0, 0],
						"1.04": [-2.5, 0, 0]
					},
					"position": {
						"0.0": [0, 4, 0],
						"0.52": [0, 5, 0],
						"1.04": [0, 4, 0]
					}
				},
				"pets_tail": {
					"rotation": {
						"0.0": [15, 0, 0],
						"0.52": [-15, 0, 0],
						"1.04": [15, 0, 0]
					}
				},
				"left_tail_fin": {
					"rotation": {
						"0.0": [15, 0, 0],
						"0.52": [-15, 0, 0],
						"1.04": [15, 0, 0]
					}
				},
				"pets_left_fin": {
					"rotation": {
						"0.0": [15, 0, 0],
						"0.52": [0, -15, 0],
						"1.04": [15, 0, 0]
					}
				},
				"pets_dorsal_fin": {
					"rotation": {
						"0.0": [0, 0, 0],
						"0.24": [0, 0, -5],
						"0.52": [0, 0, 0],
						"0.8": [0, 0, 5],
						"1.04": [0, 0, 0]
					},
					"position": {
						"0.0": [0, 0, 0],
						"0.52": [0, 0, 0],
						"1.04": [0, 0, 0]
					}
				},
				"right_tail_fin": {
					"rotation": {
						"0.0": [15, 0, 0],
						"0.52": [-15, 0, 0],
						"1.04": [15, 0, 0]
					}
				},
				"pets_right_fin": {
					"rotation": {
						"0.0": [15, 0, 0],
						"0.52": [0, 15, 0],
						"1.04": [15, 0, 0]
					}
				}
			}
		},
		"animation.cute_dolphin.idle": {
			"loop": true,
			"animation_length": 12,
			"bones": {
				"pets_root": {
					"rotation": {
						"2.0": [0, 0, 0],
						"2.2": [0, 10, 0],
						"3.8": [0, 10, 0],
						"4.0": [0, 0, 0],
						"6.0": [0, 0, 0],
						"6.2": [0, -10, 0],
						"7.8": [0, -10, 0],
						"8.0": [0, 0, 0],
						"9.0": [0, 0, 0],
						"9.2": [0, 0, 5],
						"9.44": [0, 0, -5],
						"9.72": [0, 0, 5],
						"10.0": [0, 0, -5],
						"10.28": [0, 0, 5],
						"10.56": [0, 0, -5],
						"10.8": [0, 0, 5],
						"11.0": [0, 0, 0]
					},
					"position": {
						"0.0": [0, 4, 0],
						"1.0": [0, 5, 0],
						"2.0": [0, 4, 0],
						"3.0": [0, 5, 0],
						"4.0": [0, 4, 0],
						"5.0": [0, 5, 0],
						"6.0": [0, 4, 0],
						"7.0": [0, 5, 0],
						"8.0": [0, 4, 0],
						"9.0": [0, 5, 0],
						"10.0": [0, 4, 0],
						"11.0": [0, 5, 0],
						"12.0": [0, 4, 0]
					}
				},
				"pets_tail": {
					"rotation": {
						"0.0": [5, 0, 0],
						"1.0": [-5, 0, 0],
						"2.0": [5, 0, 0],
						"2.2": [5, -10, 0],
						"3.0": [-5, 0, 0],
						"3.8": [5, -10, 0],
						"4.0": [5, 0, 0],
						"5.0": [-5, 0, 0],
						"6.0": [5, 0, 0],
						"6.2": [5, 10, 0],
						"7.0": [-5, 0, 0],
						"7.8": [5, 10, 0],
						"8.0": [5, 0, 0],
						"9.0": [5, 0, 0],
						"10.0": [-5, 0, 0],
						"11.0": [5, 0, 0],
						"12.0": [5, 0, 0]
					}
				},
				"pets_right_fin": {
					"rotation": {
						"0.0": [15, 0, 0],
						"1.0": [0, 15, 0],
						"2.0": [15, 0, 0],
						"3.0": [0, 15, 0],
						"4.0": [15, 0, 0],
						"5.0": [0, 15, 0],
						"6.0": [15, 0, 0],
						"7.0": [0, 15, 0],
						"8.0": [15, 0, 0],
						"9.0": [0, 15, 0],
						"10.0": [15, 0, 0],
						"11.0": [0, 15, 0],
						"12.0": [15, 0, 0]
					}
				},
				"pets_left_fin": {
					"rotation": {
						"0.0": [15, 0, 0],
						"1.0": [0, -15, 0],
						"2.0": [15, 0, 0],
						"3.0": [0, -15, 0],
						"4.0": [15, 0, 0],
						"5.0": [0, -15, 0],
						"6.0": [15, 0, 0],
						"7.0": [0, -15, 0],
						"8.0": [15, 0, 0],
						"9.0": [0, -15, 0],
						"10.0": [15, 0, 0],
						"11.0": [0, -15, 0],
						"12.0": [15, 0, 0]
					}
				}
			}
		},
		"animation.cute_dolphin.sit": {
			"loop": true,
			"animation_length": 1,
			"bones": {
				"pets_root": {
					"rotation": [-7.5, 0, 0],
					"position": [0, -1.5, 0]
				},
				"pets_tail": {
					"rotation": [12.5, -10, 0]
				},
				"pets_right_fin": {
					"rotation": [0, 0, 5]
				},
				"pets_left_fin": {
					"rotation": [0, -15, 0]
				},
				"pets_dorsal_fin": {
					"rotation": [-10, 0, 0]
				}
			}
		}
	}
}