{
	"format_version": "1.8.0",
	"animations": {
		"animation.cute_drowned.move": {
			"loop": true,
			"animation_length": 0.8,
			"bones": {
				"pets_root": {
					"rotation": {
						"0.0": [0, 0, 0],
						"0.2": [0, -2, -2],
						"0.4": [0, 0, 0],
						"0.6": [0, 2, 2],
						"0.8": [0, 0, 0]
					},
					"position": {
						"0.0": [0, 0, 0],
						"0.2": [0, -0.25, 0],
						"0.4": [0, 0, 0],
						"0.6": [0, -0.25, 0],
						"0.8": [0, 0, 0]
					}
				},
				"pets_head": {
					"rotation": {
						"0.0": [0, 0, 0],
						"0.2": [0, 0, -2],
						"0.4": [0, 0, 0],
						"0.6": [0, 0, 2],
						"0.8": [0, 0, 0]
					},
					"position": {
						"0.0": [0, 0, 0],
						"0.4": [0, 0, 0],
						"0.8": [0, 0, 0]
					}
				},
				"pets_right_arm": {
					"rotation": {
						"0.0": [10, 0, 0],
						"0.2": [0, 0, 0],
						"0.4": [-10, 0, 0],
						"0.6": [0, 0, 0],
						"0.8": [10, 0, 0]
					},
					"position": {
						"0.0": [0, 0, 0],
						"0.4": [0, 0, 0],
						"0.8": [0, 0, 0]
					}
				},
				"pets_left_arm": {
					"rotation": {
						"0.0": [-10, 0, 0],
						"0.2": [0, 0, 0],
						"0.4": [10, 0, 0],
						"0.6": [0, 0, 0],
						"0.8": [-10, 0, 0]
					},
					"position": {
						"0.0": [0, 0, 0],
						"0.4": [0, 0, 0],
						"0.8": [0, 0, 0]
					}
				},
				"pets_right_leg": {
					"rotation": {
						"0.0": [-30, 0, 0],
						"0.4": [30, 0, 0],
						"0.8": [-30, 0, 0]
					},
					"position": {
						"0.0": [0, 0, 0],
						"0.4": [0, 0, 0],
						"0.8": [0, 0, 0]
					}
				},
				"pets_left_leg": {
					"rotation": {
						"0.0": [30, 0, 0],
						"0.4": [-30, 0, 0],
						"0.8": [30, 0, 0]
					},
					"position": {
						"0.0": [0, 0, 0],
						"0.4": [0, 0, 0],
						"0.8": [0, 0, 0]
					}
				}
			}
		},
		"animation.cute_drowned.idle": {
			"loop": true,
			"animation_length": 0.52,
			"bones": {
				"pets_root": {
					"rotation": [-10, 0, 0],
					"position": [0, -2.25, 0]
				},
				"pets_head": {
					"rotation": [10, 0, 0]
				},
				"pets_left_arm": {
					"rotation": [-5, 0, -10]
				},
				"pets_right_arm": {
					"rotation": [-10, 0, 5]
				},
				"pets_left_leg": {
					"rotation": [-80, -15, 0]
				},
				"pets_right_leg": {
					"rotation": [-80, 15, 0]
				}
			}
		},
		"animation.cute_drowned.sit": {
			"loop": true,
			"animation_length": 0.52,
			"bones": {
				"pets_root": {
					"rotation": [-10, 0, 0],
					"position": [0, -2.25, 0]
				},
				"pets_head": {
					"rotation": [10, 0, 0]
				},
				"pets_left_arm": {
					"rotation": [-5, 0, -10]
				},
				"pets_right_arm": {
					"rotation": [-10, 0, 5]
				},
				"pets_left_leg": {
					"rotation": [-80, -15, 0]
				},
				"pets_right_leg": {
					"rotation": [-80, 15, 0]
				}
			}
		}
	}
}