{
	"format_version": "1.8.0",
	"animations": {
		"animation.cute_elder_guardian.move": {
			"loop": true,
			"animation_length": 1.4,
			"bones": {
				"head": {
					"rotation": {
						"0.0": [0, 0, 0],
						"0.32": [0, 3, 0],
						"0.72": [0, 0, 0],
						"1.08": [0, -3, 0],
						"1.4": [0, 0, 0]
					},
					"position": {
						"0.0": [0, 8, 0],
						"0.72": [0, 8, 0],
						"1.4": [0, 8, 0]
					}
				},
				"tail": {
					"rotation": {
						"0.0": [0, 0, 0],
						"0.32": [0, -20, 0],
						"0.72": [0, 0, 0],
						"1.08": [0, 20, 0],
						"1.4": [0, 0, 0]
					},
					"position": {
						"0.0": [0, 0, 0],
						"0.72": [0, 0, 0],
						"1.4": [0, 0, 0]
					}
				},
				"tail2": {
					"rotation": {
						"0.0": [0, 0, 0],
						"0.32": [0, -15, 0],
						"0.72": [0, 0, 0],
						"1.08": [0, 15, 0],
						"1.4": [0, 0, 0]
					},
					"position": {
						"0.0": [0, 0, 0],
						"0.72": [0, 0, 0],
						"1.4": [0, 0, 0]
					}
				},
				"tail3": {
					"rotation": {
						"0.0": [0, 0, 0],
						"0.32": [0, -10, 0],
						"0.72": [0, 0, 0],
						"1.08": [0, 10, 0],
						"1.4": [0, 0, 0]
					},
					"position": {
						"0.0": [0, 0, 0],
						"0.72": [0, 0, 0],
						"1.4": [0, 0, 0]
					}
				},
				"spike_1": {
					"position": {
						"0.0": [0, -1, 1],
						"0.24": [0, -0.5, 0.5],
						"0.48": [0, -1, 1],
						"0.72": [0, -0.5, 0.5],
						"0.92": [0, -1, 1],
						"1.16": [0, -0.5, 0.5],
						"1.4": [0, -1, 1]
					}
				},
				"spike_5": {
					"position": {
						"0.0": [0, 1, 1],
						"0.24": [0, 0.5, 0.5],
						"0.48": [0, 1, 1],
						"0.72": [0, 0.5, 0.5],
						"0.92": [0, 1, 1],
						"1.16": [0, 0.5, 0.5],
						"1.4": [0, 1, 1]
					}
				},
				"spike_3": {
					"position": {
						"0.0": [-1, -1, 0],
						"0.24": [-0.5, -0.5, 0],
						"0.48": [-1, -1, 0],
						"0.72": [-0.5, -0.5, 0],
						"0.92": [-1, -1, 0],
						"1.16": [-0.5, -0.5, 0],
						"1.4": [-1, -1, 0]
					}
				},
				"spike_6": {
					"position": {
						"0.0": [0, -1, -1],
						"0.24": [0, -0.5, -0.5],
						"0.48": [0, -1, -1],
						"0.72": [0, -0.5, -0.5],
						"0.92": [0, -1, -1],
						"1.16": [0, -0.5, -0.5],
						"1.4": [0, -1, -1]
					}
				},
				"spike_9": {
					"position": {
						"0.0": [0, 1, -1],
						"0.24": [0, 0.5, -0.5],
						"0.48": [0, 1, -1],
						"0.72": [0, 0.5, -0.5],
						"0.92": [0, 1, -1],
						"1.16": [0, 0.5, -0.5],
						"1.4": [0, 1, -1]
					}
				},
				"spike_10": {
					"position": {
						"0.0": [-1, 1, 0],
						"0.24": [-0.5, 0.5, 0],
						"0.48": [-1, 1, 0],
						"0.72": [-0.5, 0.5, 0],
						"0.92": [-1, 1, 0],
						"1.16": [-0.5, 0.5, 0],
						"1.4": [-1, 1, 0]
					}
				},
				"spike_11": {
					"position": {
						"0.0": [1, 1, 0],
						"0.24": [0.5, 0.5, 0],
						"0.48": [1, 1, 0],
						"0.72": [0.5, 0.5, 0],
						"0.92": [1, 1, 0],
						"1.16": [0.5, 0.5, 0],
						"1.4": [1, 1, 0]
					}
				},
				"spike_12": {
					"position": {
						"0.0": [1, -1, 0],
						"0.24": [0.5, -0.5, 0],
						"0.48": [1, -1, 0],
						"0.72": [0.5, -0.5, 0],
						"0.92": [1, -1, 0],
						"1.16": [0.5, -0.5, 0],
						"1.4": [1, -1, 0]
					}
				},
				"spike_2": {
					"position": {
						"0.0": [-1, 0, 1],
						"0.24": [-0.5, 0, 0.5],
						"0.48": [-1, 0, 1],
						"0.72": [-0.5, 0, 0.5],
						"0.92": [-1, 0, 1],
						"1.16": [-0.5, 0, 0.5],
						"1.4": [-1, 0, 1]
					}
				},
				"spike_4": {
					"position": {
						"0.0": [1, 0, 1],
						"0.24": [0.5, 0, 0.5],
						"0.48": [1, 0, 1],
						"0.72": [0.5, 0, 0.5],
						"0.92": [1, 0, 1],
						"1.16": [0.5, 0, 0.5],
						"1.4": [1, 0, 1]
					}
				},
				"spike_7": {
					"position": {
						"0.0": [1, 0, -1],
						"0.24": [0.5, 0, -0.5],
						"0.48": [1, 0, -1],
						"0.72": [0.5, 0, -0.5],
						"0.92": [1, 0, -1],
						"1.16": [0.5, 0, -0.5],
						"1.4": [1, 0, -1]
					}
				},
				"spike_8": {
					"position": {
						"0.0": [-1, 0, -1],
						"0.24": [-0.5, 0, -0.5],
						"0.48": [-1, 0, -1],
						"0.72": [-0.5, 0, -0.5],
						"0.92": [-1, 0, -1],
						"1.16": [-0.5, 0, -0.5],
						"1.4": [-1, 0, -1]
					}
				}
			}
		},
		"animation.cute_elder_guardian.idle": {
			"loop": true,
			"animation_length": 8,
			"bones": {
				"head": {
					"rotation": {
						"0.0": [0, 0, 0],
						"0.8": [0, 0, 0],
						"1.6": [0, 0, 0],
						"2.4": [0, 0, 0],
						"2.56": [0, -10, 0],
						"3.04": [0, -10, 0],
						"3.2": [0, 0, 0],
						"4.0": [0, 0, 0],
						"4.8": [0, 0, 0],
						"4.96": [-5, 15, 0],
						"5.44": [-5, 15, 0],
						"5.6": [0, 0, 0],
						"6.4": [0, 0, 0],
						"7.2": [0, 0, 0],
						"8.0": [0, 0, 0]
					},
					"position": {
						"0.0": [0, 8, 0],
						"0.8": [0, 7, 0],
						"1.6": [0, 8, 0],
						"2.4": [0, 7, 0],
						"3.2": [0, 8, 0],
						"4.0": [0, 7, 0],
						"4.8": [0, 8, 0],
						"5.6": [0, 7, 0],
						"6.4": [0, 8, 0],
						"7.2": [0, 7, 0],
						"8.0": [0, 8, 0]
					}
				},
				"tail": {
					"rotation": {
						"0.0": [0, 0, 0],
						"0.4": [0, -2, 0],
						"0.8": [0, 0, 0],
						"1.2": [0, 2, 0],
						"1.6": [0, 0, 0],
						"2.0": [0, -2, 0],
						"2.4": [0, 0, 0],
						"2.8": [0, 4, 0],
						"3.2": [0, 0, 0],
						"3.6": [0, -2, 0],
						"4.0": [0, 0, 0],
						"4.4": [0, 2, 0],
						"4.8": [0, 0, 0],
						"5.2": [0, -2, 0],
						"5.6": [0, 0, 0],
						"6.0": [0, 2, 0],
						"6.4": [0, 0, 0],
						"6.8": [0, -2, 0],
						"7.2": [0, 0, 0],
						"7.6": [0, 2, 0],
						"8.0": [0, 0, 0]
					},
					"position": {
						"0.0": [0, 0, 0],
						"0.4": [0, 0, 0],
						"0.8": [0, 0, 0],
						"1.2": [0, 0, 0],
						"1.6": [0, 0, 0],
						"2.0": [0, 0, 0],
						"2.4": [0, 0, 0],
						"2.8": [0, 0, 0],
						"3.2": [0, 0, 0],
						"3.6": [0, 0, 0],
						"4.0": [0, 0, 0],
						"4.4": [0, 0, 0],
						"4.8": [0, 0, 0],
						"5.2": [0, 0, 0],
						"5.6": [0, 0, 0],
						"6.0": [0, 0, 0],
						"6.4": [0, 0, 0],
						"6.8": [0, 0, 0],
						"7.2": [0, 0, 0],
						"7.6": [0, 0, 0],
						"8.0": [0, 0, 0]
					}
				},
				"tail2": {
					"rotation": {
						"0.0": [0, 0, 0],
						"0.4": [0, -3, 0],
						"0.8": [0, 0, 0],
						"1.2": [0, 3, 0],
						"1.6": [0, 0, 0],
						"2.0": [0, -3, 0],
						"2.4": [0, 0, 0],
						"2.8": [0, 3, 0],
						"3.2": [0, 0, 0],
						"3.6": [0, -3, 0],
						"4.0": [0, 0, 0],
						"4.4": [0, 3, 0],
						"4.8": [0, 0, 0],
						"5.2": [0, -3, 0],
						"5.6": [0, 0, 0],
						"6.0": [0, 3, 0],
						"6.4": [0, 0, 0],
						"6.8": [0, -3, 0],
						"7.2": [0, 0, 0],
						"7.6": [0, 3, 0],
						"8.0": [0, 0, 0]
					},
					"position": {
						"0.0": [0, 0, 0],
						"0.4": [0, 0, 0],
						"0.8": [0, 0, 0],
						"1.2": [0, 0, 0],
						"1.6": [0, 0, 0],
						"2.0": [0, 0, 0],
						"2.4": [0, 0, 0],
						"2.8": [0, 0, 0],
						"3.2": [0, 0, 0],
						"3.6": [0, 0, 0],
						"4.0": [0, 0, 0],
						"4.4": [0, 0, 0],
						"4.8": [0, 0, 0],
						"5.2": [0, 0, 0],
						"5.6": [0, 0, 0],
						"6.0": [0, 0, 0],
						"6.4": [0, 0, 0],
						"6.8": [0, 0, 0],
						"7.2": [0, 0, 0],
						"7.6": [0, 0, 0],
						"8.0": [0, 0, 0]
					}
				},
				"tail3": {
					"rotation": {
						"0.0": [0, 0, 0],
						"0.4": [0, -5, 0],
						"0.8": [0, 0, 0],
						"1.2": [0, 5, 0],
						"1.6": [0, 0, 0],
						"2.0": [0, -5, 0],
						"2.4": [0, 0, 0],
						"2.8": [0, 5, 0],
						"3.2": [0, 0, 0],
						"3.6": [0, -5, 0],
						"4.0": [0, 0, 0],
						"4.4": [0, 5, 0],
						"4.8": [0, 0, 0],
						"5.2": [0, -5, 0],
						"5.6": [0, 0, 0],
						"6.0": [0, 5, 0],
						"6.4": [0, 0, 0],
						"6.8": [0, -5, 0],
						"7.2": [0, 0, 0],
						"7.6": [0, 5, 0],
						"8.0": [0, 0, 0]
					},
					"position": {
						"0.0": [0, 0, 0],
						"0.4": [0, 0, 0],
						"0.8": [0, 0, 0],
						"1.2": [0, 0, 0],
						"1.6": [0, 0, 0],
						"2.0": [0, 0, 0],
						"2.4": [0, 0, 0],
						"2.8": [0, 0, 0],
						"3.2": [0, 0, 0],
						"3.6": [0, 0, 0],
						"4.0": [0, 0, 0],
						"4.4": [0, 0, 0],
						"4.8": [0, 0, 0],
						"5.2": [0, 0, 0],
						"5.6": [0, 0, 0],
						"6.0": [0, 0, 0],
						"6.4": [0, 0, 0],
						"6.8": [0, 0, 0],
						"7.2": [0, 0, 0],
						"7.6": [0, 0, 0],
						"8.0": [0, 0, 0]
					}
				},
				"spike_1": {
					"rotation": {
						"0.48": [0, 0, 0],
						"0.56": [0, 0, 0],
						"0.76": [0, 0, 0],
						"6.2": [0, 0, 0],
						"6.4": [0, 0, 0],
						"7.0": [0, 0, 0]
					},
					"position": {
						"0.48": [0, 0, 0],
						"0.56": [0, -0.5, 0.5],
						"0.76": [0, 0, 0],
						"6.2": [0, 0, 0],
						"6.4": [0, -0.5, 0.5],
						"7.0": [0, 0, 0]
					}
				},
				"spike_2": {
					"rotation": {
						"0.0": [0, 0, 0],
						"0.2": [0, 0, 0],
						"0.4": [0, 0, 0],
						"0.48": [0, 0, 0],
						"0.68": [0, 0, 0],
						"6.0": [0, 0, 0],
						"6.2": [0, 0, 0],
						"6.8": [0, 0, 0]
					},
					"position": {
						"0.0": [0, 0, 0],
						"0.2": [0, 0, 0],
						"0.4": [0, 0, 0],
						"0.48": [-0.5, 0, 0.5],
						"0.68": [0, 0, 0],
						"6.0": [0, 0, 0],
						"6.2": [-0.5, 0, 0.5],
						"6.8": [0, 0, 0]
					}
				},
				"spike_3": {
					"rotation": {
						"0.48": [0, 0, 0],
						"0.56": [0, 0, 0],
						"0.76": [0, 0, 0],
						"6.2": [0, 0, 0],
						"6.4": [0, 0, 0],
						"7.0": [0, 0, 0]
					},
					"position": {
						"0.48": [0, 0, 0],
						"0.56": [-0.5, -0.5, 0],
						"0.76": [0, 0, 0],
						"6.2": [0, 0, 0],
						"6.4": [-0.5, -0.5, 0],
						"7.0": [0, 0, 0]
					}
				},
				"spike_4": {
					"rotation": {
						"0.4": [0, 0, 0],
						"0.68": [0, 0, 0],
						"6.0": [0, 0, 0],
						"6.8": [0, 0, 0]
					},
					"position": {
						"0.4": [0, 0, 0],
						"0.48": [0.5, 0, 0.5],
						"0.68": [0, 0, 0],
						"6.0": [0, 0, 0],
						"6.2": [0.5, 0, 0.5],
						"6.8": [0, 0, 0]
					}
				},
				"spike_5": {
					"rotation": {
						"0.32": [0, 0, 0],
						"0.6": [0, 0, 0],
						"5.8": [0, 0, 0],
						"6.6": [0, 0, 0]
					},
					"position": {
						"0.32": [0, 0, 0],
						"0.4": [0, 0.5, 0.5],
						"0.6": [0, 0, 0],
						"5.8": [0, 0, 0],
						"6.0": [0, 0.5, 0.5],
						"6.6": [0, 0, 0]
					}
				},
				"spike_6": {
					"rotation": {
						"0.48": [0, 0, 0],
						"0.56": [0, 0, 0],
						"0.76": [0, 0, 0],
						"6.2": [0, 0, 0],
						"6.4": [0, 0, 0],
						"7.0": [0, 0, 0]
					},
					"position": {
						"0.48": [0, 0, 0],
						"0.56": [0, -0.5, -0.5],
						"0.76": [0, 0, 0],
						"6.2": [0, 0, 0],
						"6.4": [0, -0.5, -0.5],
						"7.0": [0, 0, 0]
					}
				},
				"spike_7": {
					"rotation": {
						"0.4": [0, 0, 0],
						"0.68": [0, 0, 0],
						"6.0": [0, 0, 0],
						"6.8": [0, 0, 0]
					},
					"position": {
						"0.4": [0, 0, 0],
						"0.48": [0.5, 0, -0.5],
						"0.68": [0, 0, 0],
						"6.0": [0, 0, 0],
						"6.2": [0.5, 0, -0.5],
						"6.8": [0, 0, 0]
					}
				},
				"spike_8": {
					"rotation": {
						"0.4": [0, 0, 0],
						"0.68": [0, 0, 0],
						"6.0": [0, 0, 0],
						"6.8": [0, 0, 0]
					},
					"position": {
						"0.4": [0, 0, 0],
						"0.48": [-0.5, 0, -0.5],
						"0.68": [0, 0, 0],
						"6.0": [0, 0, 0],
						"6.2": [-0.5, 0, -0.5],
						"6.8": [0, 0, 0]
					}
				},
				"spike_9": {
					"rotation": {
						"0.32": [0, 0, 0],
						"0.6": [0, 0, 0],
						"5.8": [0, 0, 0],
						"6.6": [0, 0, 0]
					},
					"position": {
						"0.32": [0, 0, 0],
						"0.4": [0, 0.5, -0.5],
						"0.6": [0, 0, 0],
						"5.8": [0, 0, 0],
						"6.0": [0, 0.5, -0.5],
						"6.6": [0, 0, 0]
					}
				},
				"spike_10": {
					"rotation": {
						"0.32": [0, 0, 0],
						"0.6": [0, 0, 0],
						"5.8": [0, 0, 0],
						"6.6": [0, 0, 0]
					},
					"position": {
						"0.32": [0, 0, 0],
						"0.4": [-0.5, 0.5, 0],
						"0.6": [0, 0, 0],
						"5.8": [0, 0, 0],
						"6.0": [-0.5, 0.5, 0],
						"6.6": [0, 0, 0]
					}
				},
				"spike_11": {
					"rotation": {
						"0.32": [0, 0, 0],
						"0.6": [0, 0, 0],
						"5.8": [0, 0, 0],
						"6.6": [0, 0, 0]
					},
					"position": {
						"0.32": [0, 0, 0],
						"0.4": [0.5, 0.5, 0],
						"0.6": [0, 0, 0],
						"5.8": [0, 0, 0],
						"6.0": [0.5, 0.5, 0],
						"6.6": [0, 0, 0]
					}
				},
				"spike_12": {
					"rotation": {
						"0.48": [0, 0, 0],
						"0.56": [0, 0, 0],
						"0.76": [0, 0, 0],
						"6.2": [0, 0, 0],
						"6.4": [0, 0, 0],
						"7.0": [0, 0, 0]
					},
					"position": {
						"0.48": [0, 0, 0],
						"0.56": [0.5, -0.5, 0],
						"0.76": [0, 0, 0],
						"6.2": [0, 0, 0],
						"6.4": [0.5, -0.5, 0],
						"7.0": [0, 0, 0]
					}
				}
			}
		},
		"animation.cute_elder_guardian.sit": {
			"loop": true,
			"animation_length": 8,
			"bones": {
				"head": {
					"rotation": {
						"0.0": [0, 0, 0],
						"0.8": [0, 0, 0],
						"1.6": [0, 0, 0],
						"2.4": [0, 0, 0],
						"2.56": [0, -10, 0],
						"3.04": [0, -10, 0],
						"3.2": [0, 0, 0],
						"4.0": [0, 0, 0],
						"4.8": [0, 0, 0],
						"4.96": [-5, 15, 0],
						"5.44": [-5, 15, 0],
						"5.6": [0, 0, 0],
						"6.4": [0, 0, 0],
						"7.2": [0, 0, 0],
						"8.0": [0, 0, 0]
					},
					"position": {
						"0.0": [0, 8, 0],
						"0.8": [0, 7, 0],
						"1.6": [0, 8, 0],
						"2.4": [0, 7, 0],
						"3.2": [0, 8, 0],
						"4.0": [0, 7, 0],
						"4.8": [0, 8, 0],
						"5.6": [0, 7, 0],
						"6.4": [0, 8, 0],
						"7.2": [0, 7, 0],
						"8.0": [0, 8, 0]
					}
				},
				"tail": {
					"rotation": {
						"0.0": [0, 0, 0],
						"0.4": [0, -2, 0],
						"0.8": [0, 0, 0],
						"1.2": [0, 2, 0],
						"1.6": [0, 0, 0],
						"2.0": [0, -2, 0],
						"2.4": [0, 0, 0],
						"2.8": [0, 4, 0],
						"3.2": [0, 0, 0],
						"3.6": [0, -2, 0],
						"4.0": [0, 0, 0],
						"4.4": [0, 2, 0],
						"4.8": [0, 0, 0],
						"5.2": [0, -2, 0],
						"5.6": [0, 0, 0],
						"6.0": [0, 2, 0],
						"6.4": [0, 0, 0],
						"6.8": [0, -2, 0],
						"7.2": [0, 0, 0],
						"7.6": [0, 2, 0],
						"8.0": [0, 0, 0]
					},
					"position": {
						"0.0": [0, 0, 0],
						"0.4": [0, 0, 0],
						"0.8": [0, 0, 0],
						"1.2": [0, 0, 0],
						"1.6": [0, 0, 0],
						"2.0": [0, 0, 0],
						"2.4": [0, 0, 0],
						"2.8": [0, 0, 0],
						"3.2": [0, 0, 0],
						"3.6": [0, 0, 0],
						"4.0": [0, 0, 0],
						"4.4": [0, 0, 0],
						"4.8": [0, 0, 0],
						"5.2": [0, 0, 0],
						"5.6": [0, 0, 0],
						"6.0": [0, 0, 0],
						"6.4": [0, 0, 0],
						"6.8": [0, 0, 0],
						"7.2": [0, 0, 0],
						"7.6": [0, 0, 0],
						"8.0": [0, 0, 0]
					}
				},
				"tail2": {
					"rotation": {
						"0.0": [0, 0, 0],
						"0.4": [0, -3, 0],
						"0.8": [0, 0, 0],
						"1.2": [0, 3, 0],
						"1.6": [0, 0, 0],
						"2.0": [0, -3, 0],
						"2.4": [0, 0, 0],
						"2.8": [0, 3, 0],
						"3.2": [0, 0, 0],
						"3.6": [0, -3, 0],
						"4.0": [0, 0, 0],
						"4.4": [0, 3, 0],
						"4.8": [0, 0, 0],
						"5.2": [0, -3, 0],
						"5.6": [0, 0, 0],
						"6.0": [0, 3, 0],
						"6.4": [0, 0, 0],
						"6.8": [0, -3, 0],
						"7.2": [0, 0, 0],
						"7.6": [0, 3, 0],
						"8.0": [0, 0, 0]
					},
					"position": {
						"0.0": [0, 0, 0],
						"0.4": [0, 0, 0],
						"0.8": [0, 0, 0],
						"1.2": [0, 0, 0],
						"1.6": [0, 0, 0],
						"2.0": [0, 0, 0],
						"2.4": [0, 0, 0],
						"2.8": [0, 0, 0],
						"3.2": [0, 0, 0],
						"3.6": [0, 0, 0],
						"4.0": [0, 0, 0],
						"4.4": [0, 0, 0],
						"4.8": [0, 0, 0],
						"5.2": [0, 0, 0],
						"5.6": [0, 0, 0],
						"6.0": [0, 0, 0],
						"6.4": [0, 0, 0],
						"6.8": [0, 0, 0],
						"7.2": [0, 0, 0],
						"7.6": [0, 0, 0],
						"8.0": [0, 0, 0]
					}
				},
				"tail3": {
					"rotation": {
						"0.0": [0, 0, 0],
						"0.4": [0, -5, 0],
						"0.8": [0, 0, 0],
						"1.2": [0, 5, 0],
						"1.6": [0, 0, 0],
						"2.0": [0, -5, 0],
						"2.4": [0, 0, 0],
						"2.8": [0, 5, 0],
						"3.2": [0, 0, 0],
						"3.6": [0, -5, 0],
						"4.0": [0, 0, 0],
						"4.4": [0, 5, 0],
						"4.8": [0, 0, 0],
						"5.2": [0, -5, 0],
						"5.6": [0, 0, 0],
						"6.0": [0, 5, 0],
						"6.4": [0, 0, 0],
						"6.8": [0, -5, 0],
						"7.2": [0, 0, 0],
						"7.6": [0, 5, 0],
						"8.0": [0, 0, 0]
					},
					"position": {
						"0.0": [0, 0, 0],
						"0.4": [0, 0, 0],
						"0.8": [0, 0, 0],
						"1.2": [0, 0, 0],
						"1.6": [0, 0, 0],
						"2.0": [0, 0, 0],
						"2.4": [0, 0, 0],
						"2.8": [0, 0, 0],
						"3.2": [0, 0, 0],
						"3.6": [0, 0, 0],
						"4.0": [0, 0, 0],
						"4.4": [0, 0, 0],
						"4.8": [0, 0, 0],
						"5.2": [0, 0, 0],
						"5.6": [0, 0, 0],
						"6.0": [0, 0, 0],
						"6.4": [0, 0, 0],
						"6.8": [0, 0, 0],
						"7.2": [0, 0, 0],
						"7.6": [0, 0, 0],
						"8.0": [0, 0, 0]
					}
				},
				"spike_1": {
					"rotation": {
						"0.48": [0, 0, 0],
						"0.56": [0, 0, 0],
						"0.76": [0, 0, 0],
						"6.2": [0, 0, 0],
						"6.4": [0, 0, 0],
						"7.0": [0, 0, 0]
					},
					"position": {
						"0.48": [0, 0, 0],
						"0.56": [0, -0.5, 0.5],
						"0.76": [0, 0, 0],
						"6.2": [0, 0, 0],
						"6.4": [0, -0.5, 0.5],
						"7.0": [0, 0, 0]
					}
				},
				"spike_2": {
					"rotation": {
						"0.0": [0, 0, 0],
						"0.2": [0, 0, 0],
						"0.4": [0, 0, 0],
						"0.48": [0, 0, 0],
						"0.68": [0, 0, 0],
						"6.0": [0, 0, 0],
						"6.2": [0, 0, 0],
						"6.8": [0, 0, 0]
					},
					"position": {
						"0.0": [0, 0, 0],
						"0.2": [0, 0, 0],
						"0.4": [0, 0, 0],
						"0.48": [-0.5, 0, 0.5],
						"0.68": [0, 0, 0],
						"6.0": [0, 0, 0],
						"6.2": [-0.5, 0, 0.5],
						"6.8": [0, 0, 0]
					}
				},
				"spike_3": {
					"rotation": {
						"0.48": [0, 0, 0],
						"0.56": [0, 0, 0],
						"0.76": [0, 0, 0],
						"6.2": [0, 0, 0],
						"6.4": [0, 0, 0],
						"7.0": [0, 0, 0]
					},
					"position": {
						"0.48": [0, 0, 0],
						"0.56": [-0.5, -0.5, 0],
						"0.76": [0, 0, 0],
						"6.2": [0, 0, 0],
						"6.4": [-0.5, -0.5, 0],
						"7.0": [0, 0, 0]
					}
				},
				"spike_4": {
					"rotation": {
						"0.4": [0, 0, 0],
						"0.68": [0, 0, 0],
						"6.0": [0, 0, 0],
						"6.8": [0, 0, 0]
					},
					"position": {
						"0.4": [0, 0, 0],
						"0.48": [0.5, 0, 0.5],
						"0.68": [0, 0, 0],
						"6.0": [0, 0, 0],
						"6.2": [0.5, 0, 0.5],
						"6.8": [0, 0, 0]
					}
				},
				"spike_5": {
					"rotation": {
						"0.32": [0, 0, 0],
						"0.6": [0, 0, 0],
						"5.8": [0, 0, 0],
						"6.6": [0, 0, 0]
					},
					"position": {
						"0.32": [0, 0, 0],
						"0.4": [0, 0.5, 0.5],
						"0.6": [0, 0, 0],
						"5.8": [0, 0, 0],
						"6.0": [0, 0.5, 0.5],
						"6.6": [0, 0, 0]
					}
				},
				"spike_6": {
					"rotation": {
						"0.48": [0, 0, 0],
						"0.56": [0, 0, 0],
						"0.76": [0, 0, 0],
						"6.2": [0, 0, 0],
						"6.4": [0, 0, 0],
						"7.0": [0, 0, 0]
					},
					"position": {
						"0.48": [0, 0, 0],
						"0.56": [0, -0.5, -0.5],
						"0.76": [0, 0, 0],
						"6.2": [0, 0, 0],
						"6.4": [0, -0.5, -0.5],
						"7.0": [0, 0, 0]
					}
				},
				"spike_7": {
					"rotation": {
						"0.4": [0, 0, 0],
						"0.68": [0, 0, 0],
						"6.0": [0, 0, 0],
						"6.8": [0, 0, 0]
					},
					"position": {
						"0.4": [0, 0, 0],
						"0.48": [0.5, 0, -0.5],
						"0.68": [0, 0, 0],
						"6.0": [0, 0, 0],
						"6.2": [0.5, 0, -0.5],
						"6.8": [0, 0, 0]
					}
				},
				"spike_8": {
					"rotation": {
						"0.4": [0, 0, 0],
						"0.68": [0, 0, 0],
						"6.0": [0, 0, 0],
						"6.8": [0, 0, 0]
					},
					"position": {
						"0.4": [0, 0, 0],
						"0.48": [-0.5, 0, -0.5],
						"0.68": [0, 0, 0],
						"6.0": [0, 0, 0],
						"6.2": [-0.5, 0, -0.5],
						"6.8": [0, 0, 0]
					}
				},
				"spike_9": {
					"rotation": {
						"0.32": [0, 0, 0],
						"0.6": [0, 0, 0],
						"5.8": [0, 0, 0],
						"6.6": [0, 0, 0]
					},
					"position": {
						"0.32": [0, 0, 0],
						"0.4": [0, 0.5, -0.5],
						"0.6": [0, 0, 0],
						"5.8": [0, 0, 0],
						"6.0": [0, 0.5, -0.5],
						"6.6": [0, 0, 0]
					}
				},
				"spike_10": {
					"rotation": {
						"0.32": [0, 0, 0],
						"0.6": [0, 0, 0],
						"5.8": [0, 0, 0],
						"6.6": [0, 0, 0]
					},
					"position": {
						"0.32": [0, 0, 0],
						"0.4": [-0.5, 0.5, 0],
						"0.6": [0, 0, 0],
						"5.8": [0, 0, 0],
						"6.0": [-0.5, 0.5, 0],
						"6.6": [0, 0, 0]
					}
				},
				"spike_11": {
					"rotation": {
						"0.32": [0, 0, 0],
						"0.6": [0, 0, 0],
						"5.8": [0, 0, 0],
						"6.6": [0, 0, 0]
					},
					"position": {
						"0.32": [0, 0, 0],
						"0.4": [0.5, 0.5, 0],
						"0.6": [0, 0, 0],
						"5.8": [0, 0, 0],
						"6.0": [0.5, 0.5, 0],
						"6.6": [0, 0, 0]
					}
				},
				"spike_12": {
					"rotation": {
						"0.48": [0, 0, 0],
						"0.56": [0, 0, 0],
						"0.76": [0, 0, 0],
						"6.2": [0, 0, 0],
						"6.4": [0, 0, 0],
						"7.0": [0, 0, 0]
					},
					"position": {
						"0.48": [0, 0, 0],
						"0.56": [0.5, -0.5, 0],
						"0.76": [0, 0, 0],
						"6.2": [0, 0, 0],
						"6.4": [0.5, -0.5, 0],
						"7.0": [0, 0, 0]
					}
				}
			}
		}
	}
}