{
	"format_version": "1.8.0",
	"animations": {
		"animation.cute_ender_dragon.attack": {
			"loop": true,
			"animation_length": 1.2,
			"bones": {
				"body_base": {
					"rotation": {
						"0.0": [0, 0, 0],
						"0.6": [5, 0, 0],
						"1.2": [0, 0, 0]
					},
					"position": {
						"0.0": [0, 0, 0],
						"0.6": [0, 5, 0],
						"1.2": [0, 0, 0]
					}
				},
				"tail_base": {
					"rotation": {
						"0.0": [0, 0, 0],
						"0.6": [-15, 0, 0],
						"1.2": [0, 0, 0]
					},
					"position": {
						"0.0": [0, 0, 0],
						"0.6": [0, 0, 0],
						"1.2": [0, 0, 0]
					}
				},
				"tail_segment_1": {
					"rotation": {
						"0.0": [0, 0, 0],
						"0.6": [-20, 0, 0],
						"1.2": [0, 0, 0]
					},
					"position": {
						"0.0": [0, 0, 0],
						"1.2": [0, 0, 0]
					}
				},
				"right_back_leg": {
					"rotation": {
						"0.0": [0, 0, 0],
						"0.6": [20, 0, 0],
						"1.2": [0, 0, 0]
					},
					"position": {
						"0.0": [0, 0, 0],
						"1.2": [0, 0, 0]
					}
				},
				"left_back_leg": {
					"rotation": {
						"0.0": [-5, 0, 0],
						"0.6": [27.5, 0, 0],
						"1.2": [-5, 0, 0]
					},
					"position": {
						"0.0": [0, 0, 0],
						"1.2": [0, 0, 0]
					}
				},
				"right_front_leg": {
					"rotation": {
						"0.0": [15, 0, 0],
						"0.6": [0, 0, 0],
						"1.2": [15, 0, 0]
					},
					"position": {
						"0.0": [0, 0, 0],
						"1.2": [0, 0, 0]
					}
				},
				"left_front_leg": {
					"rotation": {
						"0.0": [-2.5, 0, 0],
						"0.6": [7.5, 0, 0],
						"1.2": [-2.5, 0, 0]
					},
					"position": {
						"0.0": [0, 0, 0],
						"1.2": [0, 0, 0]
					}
				},
				"right_wing": {
					"rotation": {
						"0.0": [0, 0, 10],
						"0.6": [0, 20, -75],
						"1.2": [0, 0, 10]
					}
				},
				"right_wing_2": {
					"rotation": {
						"0.0": [0, 0, 102.5],
						"0.6": [0, 0, 26.33],
						"1.2": [0, 0, 102.5]
					}
				},
				"left_wing": {
					"rotation": {
						"0.0": [0, 0, -10],
						"0.6": [0, -20, 75],
						"1.2": [0, 0, -10]
					}
				},
				"left_wing_2": {
					"rotation": {
						"0.0": [0, 0, -102.5],
						"0.6": [0, 0, -25],
						"1.2": [0, 0, -102.5]
					}
				},
				"cute_pets_head": {
					"rotation": {
						"0.0": [0, 0, 0],
						"0.32": [0, 0, 5],
						"0.6": [0, 0, 0],
						"0.92": [0, 0, -5],
						"1.2": [0, 0, 0]
					},
					"position": {
						"0.0": [0, 0, 0],
						"1.2": [0, 0, 0]
					}
				}
			}
		},
		"animation.cute_ender_dragon.move": {
			"loop": true,
			"animation_length": 1.2,
			"bones": {
				"body_base": {
					"rotation": {
						"0.0": [0, 0, 0],
						"0.6": [5, 0, 0],
						"1.2": [0, 0, 0]
					},
					"position": {
						"0.0": [0, 0, 0],
						"0.6": [0, 5, 0],
						"1.2": [0, 0, 0]
					},
					"scale": 0.7
				},
				"tail_base": {
					"rotation": {
						"0.0": [0, 0, 0],
						"0.6": [-15, 0, 0],
						"1.2": [0, 0, 0]
					},
					"position": {
						"0.0": [0, 0, 0],
						"0.6": [0, 0, 0],
						"1.2": [0, 0, 0]
					}
				},
				"tail_segment_1": {
					"rotation": {
						"0.0": [0, 0, 0],
						"0.6": [-20, 0, 0],
						"1.2": [0, 0, 0]
					},
					"position": {
						"0.0": [0, 0, 0],
						"1.2": [0, 0, 0]
					}
				},
				"right_back_leg": {
					"rotation": {
						"0.0": [0, 0, 0],
						"0.6": [20, 0, 0],
						"1.2": [0, 0, 0]
					},
					"position": {
						"0.0": [0, 0, 0],
						"1.2": [0, 0, 0]
					}
				},
				"left_back_leg": {
					"rotation": {
						"0.0": [-5, 0, 0],
						"0.6": [27.5, 0, 0],
						"1.2": [-5, 0, 0]
					},
					"position": {
						"0.0": [0, 0, 0],
						"1.2": [0, 0, 0]
					}
				},
				"right_front_leg": {
					"rotation": {
						"0.0": [15, 0, 0],
						"0.6": [0, 0, 0],
						"1.2": [15, 0, 0]
					},
					"position": {
						"0.0": [0, 0, 0],
						"1.2": [0, 0, 0]
					}
				},
				"left_front_leg": {
					"rotation": {
						"0.0": [-2.5, 0, 0],
						"0.6": [7.5, 0, 0],
						"1.2": [-2.5, 0, 0]
					},
					"position": {
						"0.0": [0, 0, 0],
						"1.2": [0, 0, 0]
					}
				},
				"right_wing": {
					"rotation": {
						"0.0": [0, 0, 10],
						"0.6": [0, 20, -75],
						"1.2": [0, 0, 10]
					}
				},
				"right_wing_2": {
					"rotation": {
						"0.0": [0, 0, 102.5],
						"0.6": [0, 0, 26.33],
						"1.2": [0, 0, 102.5]
					}
				},
				"left_wing": {
					"rotation": {
						"0.0": [0, 0, -10],
						"0.6": [0, -20, 75],
						"1.2": [0, 0, -10]
					}
				},
				"left_wing_2": {
					"rotation": {
						"0.0": [0, 0, -102.5],
						"0.6": [0, 0, -25],
						"1.2": [0, 0, -102.5]
					}
				},
				"cute_pets_head": {
					"rotation": {
						"0.0": [0, 0, 0],
						"0.6": [-10, 0, 0],
						"1.2": [0, 0, 0]
					},
					"position": {
						"0.0": [0, 0, 0],
						"1.2": [0, 0, 0]
					}
				}
			}
		},
		"animation.cute_ender_dragon.idle": {
			"loop": true,
			"animation_length": 1,
			"bones": {
				"body_base": {
					"rotation": [-25, 0, 0],
					"position": [0, -9, 0],
					"scale": 0.7
				},
				"tail_base": {
					"rotation": [40, 0, 0]
				},
				"tail_segment_1": {
					"rotation": [-10, -15, 0]
				},
				"right_back_leg": {
					"rotation": [-35, 0, 10],
					"position": [0, 0, 1]
				},
				"left_back_leg": {
					"rotation": [-35, 0, -10],
					"position": [0, 0, 1]
				},
				"left_front_leg": {
					"rotation": [-5, 0, -10]
				},
				"right_wing": {
					"rotation": [10, 0, 0]
				},
				"left_wing": {
					"rotation": [10, 0, 0]
				},
				"cute_pets_head": {
					"rotation": [20, 0, 0]
				}
			}
		},
		"animation.cute_ender_dragon.sit": {
			"loop": true,
			"animation_length": 1,
			"bones": {
				"body_base": {
					"rotation": [-25, 0, 0],
					"position": [0, -9, 0],
					"scale": 0.7
				},
				"tail_base": {
					"rotation": [40, 0, 0]
				},
				"tail_segment_1": {
					"rotation": [-10, -15, 0]
				},
				"right_back_leg": {
					"rotation": [-35, 0, 10],
					"position": [0, 0, 1]
				},
				"left_back_leg": {
					"rotation": [-35, 0, -10],
					"position": [0, 0, 1]
				},
				"left_front_leg": {
					"rotation": [-5, 0, -10]
				},
				"right_wing": {
					"rotation": [10, 0, 0]
				},
				"left_wing": {
					"rotation": [10, 0, 0]
				},
				"cute_pets_head": {
					"rotation": [20, 0, 0]
				}
			}
		}
	}
}