{
	"format_version": "1.8.0",
	"animations": {
		"animation.cute_enderman.attack": {
			"loop": true,
			"animation_length": 0.8,
			"bones": {
				"body_base": {
					"rotation": [0, 0, 0],
					"position": [0, 0, 0]
				},
				"right_arm": {
					"rotation": {
						"0.0": [0, 0, 0],
						"0.24": [-80, 5, 0],
						"0.44": [0, 0, 0],
						"0.76": [0, 0, 0]
					}
				},
				"left_arm": {
					"rotation": {
						"0.0": [0, 0, 0],
						"0.24": [-75, -5, 0],
						"0.44": [0, 0, 0],
						"0.68": [0, 0, 0]
					}
				}
			}
		},
		"animation.cute_enderman.move": {
			"loop": true,
			"animation_length": 0.8,
			"bones": {
				"body_base": {
					"rotation": {
						"0.0": [0, 0, 0],
						"0.2": [0, -2, -2],
						"0.4": [0, 0, 0],
						"0.6": [0, 2, 2],
						"0.8": [0, 0, 0]
					},
					"position": {
						"0.0": [0, 0, 0],
						"0.2": [0, -0.25, 0],
						"0.4": [0, 0, 0],
						"0.6": [0, -0.25, 0],
						"0.8": [0, 0, 0]
					}
				},
				"right_arm": {
					"rotation": {
						"0.0": [10, 0, 5],
						"0.4": [-5, 0, 0],
						"0.8": [10, 0, 5]
					},
					"position": {
						"0.0": [0, 0, 0],
						"0.4": [0, 0, 0],
						"0.8": [0, 0, 0]
					}
				},
				"left_arm": {
					"rotation": {
						"0.0": [-10, 0, 0],
						"0.4": [5, 0, -5],
						"0.8": [-10, 0, 0]
					},
					"position": {
						"0.0": [0, 0, 0],
						"0.4": [0, 0, 0],
						"0.8": [0, 0, 0]
					}
				},
				"right_leg": {
					"rotation": {
						"0.0": [-20, 0, 0],
						"0.4": [15, 0, 0],
						"0.8": [-20, 0, 0]
					},
					"position": {
						"0.0": [0, 0, 0],
						"0.4": [0, 0, 0],
						"0.6": [0, 1, 0],
						"0.8": [0, 0, 0]
					}
				},
				"left_leg": {
					"rotation": {
						"0.0": [20, 0, 0],
						"0.4": [-15, 0, 0],
						"0.8": [20, 0, 0]
					},
					"position": {
						"0.0": [0, 0, 0],
						"0.2": [0, 1, 0],
						"0.4": [0, 0, 0],
						"0.8": [0, 0, 0]
					}
				},
				"head": {
					"rotation": {
						"0.0": [0, 0, 0],
						"0.2": [0, 0, -2],
						"0.4": [0, 0, 0],
						"0.6": [0, 0, 2],
						"0.8": [0, 0, 0]
					},
					"position": {
						"0.0": [0, 0, 0],
						"0.4": [0, 0, 0],
						"0.8": [0, 0, 0]
					}
				}
			}
		},
		"animation.cute_enderman.idle": {
			"loop": true,
			"animation_length": 1,
			"bones": {
				"body_base": {
					"rotation": [-5, 0, 0],
					"position": [0, -5.75, 0]
				},
				"right_arm": {
					"rotation": [-55, 35, -5]
				},
				"left_arm": {
					"rotation": [-55, -30, 5]
				},
				"right_leg": {
					"rotation": [-80, 10, 0],
					"position": [0, 0, 0]
				},
				"left_leg": {
					"rotation": [-80, -15, 0],
					"position": [0, 0, 0]
				},
				"head": {
					"rotation": [10, 0, 0]
				}
			}
		},
		"animation.cute_enderman.sit": {
			"loop": true,
			"animation_length": 1,
			"bones": {
				"body_base": {
					"rotation": [-5, 0, 0],
					"position": [0, -5.75, 0]
				},
				"right_arm": {
					"rotation": [-55, 35, -5]
				},
				"left_arm": {
					"rotation": [-55, -30, 5]
				},
				"right_leg": {
					"rotation": [-80, 10, 0],
					"position": [0, 0, 0]
				},
				"left_leg": {
					"rotation": [-80, -15, 0],
					"position": [0, 0, 0]
				},
				"head": {
					"rotation": [10, 0, 0]
				}
			}
		}
	}
}