{
	"format_version": "1.8.0",
	"animations": {
		"animation.cute_fox.move": {
			"loop": true,
			"animation_length": 0.6,
			"bones": {
				"body_base": {
					"rotation": {
						"0.0": [0, 0, 0],
						"0.16": [0, 0, 2],
						"0.32": [0, 0, 0],
						"0.48": [0, 0, -2],
						"0.6": [0, 0, 0]
					},
					"position": {
						"0.0": [0, 0, 0],
						"0.16": [0, -0.25, 0],
						"0.32": [0, 0, 0],
						"0.48": [0, -0.25, 0],
						"0.6": [0, 0, 0]
					}
				},
				"tail": {
					"rotation": {
						"0.0": [0, 0, 0],
						"0.16": [-3, 3, 0],
						"0.32": [0, 0, 0],
						"0.48": [-3, -3, 0],
						"0.6": [0, 0, 0]
					},
					"position": {
						"0.0": [0, 0, 0],
						"0.32": [0, 0, 0],
						"0.6": [0, 0, 0]
					}
				},
				"right_front_leg": {
					"rotation": {
						"0.0": [-25, 0, 0],
						"0.32": [20, 0, 0],
						"0.6": [-25, 0, 0]
					},
					"position": {
						"0.0": [0, 0, 0],
						"0.32": [0, 0, 0],
						"0.48": [0, 1, 0],
						"0.6": [0, 0, 0]
					}
				},
				"left_front_leg": {
					"rotation": {
						"0.0": [25, 0, 0],
						"0.32": [-20, 0, 0],
						"0.6": [25, 0, 0]
					},
					"position": {
						"0.0": [0, 0, 0],
						"0.16": [0, 1, 0],
						"0.32": [0, 0, 0],
						"0.6": [0, 0, 0]
					}
				},
				"right_back_leg": {
					"rotation": {
						"0.0": [20, 0, 0],
						"0.32": [-15, 0, 0],
						"0.6": [20, 0, 0]
					},
					"position": {
						"0.0": [0, 0, 0],
						"0.16": [0, 1, 0],
						"0.32": [0, 0, 0],
						"0.6": [0, 0, 0]
					}
				},
				"left_back_leg": {
					"rotation": {
						"0.0": [-20, 0, 0],
						"0.32": [15, 0, 0],
						"0.6": [-20, 0, 0]
					},
					"position": {
						"0.0": [0, 0, 0],
						"0.32": [0, 0, 0],
						"0.48": [0, 1, 0],
						"0.6": [0, 0, 0]
					}
				},
				"head": {
					"rotation": {
						"0.0": [0, 0, 0],
						"0.16": [2, 0, 3],
						"0.32": [0, 0, 0],
						"0.48": [2, 0, -3],
						"0.6": [0, 0, 0]
					},
					"position": {
						"0.0": [0, 0, 0],
						"0.32": [0, 0, 0],
						"0.6": [0, 0, 0]
					}
				},
				"right_ear": {
					"rotation": {
						"0.0": [0, 0, 0],
						"0.16": [10, 0, 0],
						"0.32": [0, 0, 0],
						"0.48": [10, 0, 0],
						"0.6": [0, 0, 0]
					},
					"position": {
						"0.0": [0, 0, 0],
						"0.32": [0, 0, 0],
						"0.6": [0, 0, 0]
					}
				},
				"left_ear": {
					"rotation": {
						"0.0": [0, 0, 0],
						"0.16": [10, 0, 0],
						"0.32": [0, 0, 0],
						"0.48": [10, 0, 0],
						"0.6": [0, 0, 0]
					},
					"position": {
						"0.0": [0, 0, 0],
						"0.32": [0, 0, 0],
						"0.6": [0, 0, 0]
					}
				}
			}
		},
		"animation.cute_fox.idle": {
			"loop": true,
			"animation_length": 1.04,
			"bones": {
				"body_base": {
					"rotation": [-20, 0, 0],
					"position": [0, -1.4, 0]
				},
				"tail": {
					"rotation": [25, 25, -10]
				},
				"right_front_leg": {
					"rotation": [15, 0, 0]
				},
				"left_front_leg": {
					"rotation": [10, 0, 0]
				},
				"right_back_leg": {
					"rotation": [-65, 20, 0],
					"position": [0, -0.25, 0]
				},
				"left_back_leg": {
					"rotation": [-65, -20, 0],
					"position": [0, -0.25, 0]
				},
				"head": {
					"rotation": [20, 0, 0]
				}
			}
		},
		"animation.cute_fox.sit": {
			"loop": true,
			"animation_length": 1.04,
			"bones": {
				"body_base": {
					"rotation": [-20, 0, 0],
					"position": [0, -1.4, 0]
				},
				"tail": {
					"rotation": [25, 25, -10]
				},
				"right_front_leg": {
					"rotation": [15, 0, 0]
				},
				"left_front_leg": {
					"rotation": [10, 0, 0]
				},
				"right_back_leg": {
					"rotation": [-65, 20, 0],
					"position": [0, -0.25, 0]
				},
				"left_back_leg": {
					"rotation": [-65, -20, 0],
					"position": [0, -0.25, 0]
				},
				"head": {
					"rotation": [20, 0, 0]
				}
			}
		}
	}
}