{
	"format_version": "1.8.0",
	"animations": {
		"animation.cute_llama.move": {
			"loop": true,
			"animation_length": 0.8,
			"bones": {
				"body_base": {
					"rotation": {
						"0.0": [0, 0, 0],
						"0.2": [0, 0, -2],
						"0.4": [0, 0, 0],
						"0.6": [0, 0, 2],
						"0.8": [0, 0, 0]
					},
					"position": {
						"0.0": [0, 0, 0],
						"0.2": [0, -0.5, 0],
						"0.4": [0, 0, 0],
						"0.6": [0, -0.5, 0],
						"0.8": [0, 0, 0]
					}
				},
				"right_front_leg": {
					"rotation": {
						"0.0": [-30, 0, 0],
						"0.4": [15, 0, 0],
						"0.8": [-30, 0, 0]
					},
					"position": {
						"0.0": [0, 0, 0],
						"0.4": [0, 0, 0],
						"0.6": [0, 1, 0],
						"0.8": [0, 0, 0]
					}
				},
				"left_front_leg": {
					"rotation": {
						"0.0": [15, 0, 0],
						"0.4": [-30, 0, 0],
						"0.8": [15, 0, 0]
					},
					"position": {
						"0.0": [0, 0, 0],
						"0.2": [0, 1, 0],
						"0.4": [0, 0, 0],
						"0.8": [0, 0, 0]
					}
				},
				"right_back_leg": {
					"rotation": {
						"0.0": [20, 0, 0],
						"0.4": [-10, 0, 0],
						"0.8": [20, 0, 0]
					},
					"position": {
						"0.0": [0, 0, 0],
						"0.2": [0, 0.75, 0],
						"0.4": [0, 0, 0],
						"0.8": [0, 0, 0]
					}
				},
				"left_back_leg": {
					"rotation": {
						"0.0": [-10, 0, 0],
						"0.4": [20, 0, 0],
						"0.8": [-10, 0, 0]
					},
					"position": {
						"0.0": [0, 0, 0],
						"0.4": [0, 0, 0],
						"0.6": [0, 0.75, 0],
						"0.8": [0, 0, 0]
					}
				},
				"neck": {
					"rotation": {
						"0.0": [0, 0, 0],
						"0.2": [0, 0, -1],
						"0.4": [0, 0, 0],
						"0.6": [0, 0, 1],
						"0.8": [0, 0, 0]
					},
					"position": {
						"0.0": [0, 0, 0],
						"0.4": [0, 0, 0],
						"0.8": [0, 0, 0]
					}
				},
				"head": {
					"rotation": {
						"0.0": [0, 0, 0],
						"0.2": [2, 0, 0],
						"0.4": [0, 0, 0],
						"0.6": [2, 0, 0],
						"0.8": [0, 0, 0]
					},
					"position": {
						"0.0": [0, 0, 0],
						"0.2": [0, -0.25, 0],
						"0.4": [0, 0, 0],
						"0.6": [0, -0.25, 0],
						"0.8": [0, 0, 0]
					}
				},
				"right_ear": {
					"rotation": {
						"0.0": [0, 0, 0],
						"0.2": [10, 0, 0],
						"0.4": [0, 0, 0],
						"0.6": [10, 0, 0],
						"0.8": [0, 0, 0]
					},
					"position": {
						"0.0": [0, 0, 0],
						"0.4": [0, 0, 0],
						"0.8": [0, 0, 0]
					}
				},
				"left_ear": {
					"rotation": {
						"0.0": [0, 0, 0],
						"0.2": [10, 0, 0],
						"0.4": [0, 0, 0],
						"0.6": [10, 0, 0],
						"0.8": [0, 0, 0]
					},
					"position": {
						"0.0": [0, 0, 0],
						"0.4": [0, 0, 0],
						"0.8": [0, 0, 0]
					}
				},
				"tail": {
					"rotation": {
						"0.0": [0, 0, 0],
						"0.2": [0, -5, 0],
						"0.4": [0, 0, 0],
						"0.6": [0, 5, 0],
						"0.8": [0, 0, 0]
					},
					"position": {
						"0.0": [0, 0, 0],
						"0.4": [0, 0, 0],
						"0.8": [0, 0, 0]
					}
				}
			}
		},
		"animation.cute_llama.idle": {
			"loop": true,
			"animation_length": 1,
			"bones": {
				"body_base": {
					"rotation": [-10, 0, 0],
					"position": [0, -1.75, 0]
				},
				"right_front_leg": {
					"rotation": [0, 0, 5],
					"position": [0, 0.5, -0.5]
				},
				"left_front_leg": {
					"rotation": [0, 0, -5],
					"position": [0, 0.5, -0.5]
				},
				"right_back_leg": {
					"rotation": [-65, 20, 0],
					"position": [0, -0.25, 1]
				},
				"left_back_leg": {
					"rotation": [-65, -20, 0],
					"position": [0, -0.25, 1]
				},
				"neck": {
					"rotation": [0, 0, 0]
				},
				"head": {
					"rotation": [0, 0, 0],
					"position": [0, 0, -0.25]
				},
				"tail": {
					"rotation": [10, 0, 0]
				}
			}
		},
		"animation.cute_llama.sit": {
			"loop": true,
			"animation_length": 1,
			"bones": {
				"body_base": {
					"rotation": [-10, 0, 0],
					"position": [0, -1.75, 0]
				},
				"right_front_leg": {
					"rotation": [0, 0, 5],
					"position": [0, 0.5, -0.5]
				},
				"left_front_leg": {
					"rotation": [0, 0, -5],
					"position": [0, 0.5, -0.5]
				},
				"right_back_leg": {
					"rotation": [-65, 20, 0],
					"position": [0, -0.25, 1]
				},
				"left_back_leg": {
					"rotation": [-65, -20, 0],
					"position": [0, -0.25, 1]
				},
				"neck": {
					"rotation": [0, 0, 0]
				},
				"head": {
					"rotation": [0, 0, 0],
					"position": [0, 0, -0.25]
				},
				"tail": {
					"rotation": [10, 0, 0]
				}
			}
		}
	}
}