{
	"format_version": "1.8.0",
	"animations": {
		"animation.cute_polar_bear.attack": {
			"loop": true,
			"animation_length": 1.48,
			"bones": {
				"body_base": {
					"rotation": {
						"0.0": [0, 0, 0],
						"0.64": [-55, 0, 0],
						"0.8": [0, 0, 0],
						"1.16": [0, 0, 0]
					},
					"position": {
						"0.0": [0, 0, 0],
						"0.64": [0, 1, 0],
						"0.8": [0, -0.25, 0],
						"1.16": [0, 0, 0]
					}
				},
				"body_segment_1": {
					"rotation": {
						"0.0": [0, 0, 0],
						"0.64": [10, 0, 0],
						"0.76": [10.71, 0, 0],
						"1.16": [0, 0, 0]
					},
					"position": {
						"0.64": [0, 0, 0],
						"0.76": [0, -0.5, 0],
						"1.16": [0, 0, 0]
					}
				},
				"right_front_leg": {
					"rotation": {
						"0.0": [0, 0, 0],
						"0.4": [-70, 20, 0],
						"0.52": [-70, 20, 0],
						"0.64": [-80, 20, 0],
						"0.8": [-30, 5, 0],
						"1.16": [0, 0, 0]
					},
					"position": {
						"0.0": [0, 0, 0],
						"0.8": [0, 0, 0],
						"1.16": [0, 0, 0]
					}
				},
				"left_front_leg": {
					"rotation": {
						"0.0": [0, 0, 0],
						"0.4": [-35, -10, 0],
						"0.52": [-50, -10, 0],
						"0.64": [-70, -10, 0],
						"1.16": [0, 0, 0]
					},
					"position": {
						"0.0": [0, 0, 0],
						"0.8": [0, 0, 0],
						"1.16": [0, 0, 0]
					}
				},
				"head": {
					"rotation": {
						"0.0": [0, 0, 0],
						"0.64": [35, 0, 0],
						"0.76": [15, 0, 5],
						"0.88": [21, 0, 1],
						"1.0": [5, 0, -5],
						"1.44": [0, 0, 0]
					},
					"position": {
						"0.0": [0, 0, 0],
						"0.64": [0, 0, 0],
						"0.76": [0, 0, 0],
						"1.0": [0, 0, 0],
						"1.44": [0, 0, 0]
					}
				},
				"right_ear": {
					"rotation": {
						"0.0": [0, 0, 0],
						"0.64": [0, 0, 0],
						"0.76": [1.25, 0, 0],
						"0.8": [15, 0, 0],
						"0.88": [5, 0, -5],
						"1.0": [7.86, 0, -7.86],
						"1.16": [0, 0, 0]
					},
					"position": {
						"0.0": [0, 0, 0],
						"0.64": [0, 0, 0],
						"0.8": [0, 0, 0],
						"1.16": [0, 0, 0]
					}
				},
				"left_ear": {
					"rotation": {
						"0.0": [0, 0, 0],
						"0.64": [0, 0, 0],
						"0.8": [10, 0, 0],
						"0.88": [7.78, 0, 10],
						"1.0": [-5.55, 0, -4.29],
						"1.16": [0, 0, 0]
					},
					"position": {
						"0.0": [0, 0, 0],
						"0.64": [0, 0, 0],
						"0.8": [0, 0, 0],
						"1.16": [0, 0, 0]
					}
				},
				"right_back_leg": {
					"rotation": {
						"0.0": [0, 0, 0],
						"0.64": [60, 0, 0],
						"0.8": [0, 0, 0],
						"1.16": [0, 0, 0]
					},
					"position": {
						"0.0": [0, 0, 0],
						"0.64": [0, -0.5, 0.25],
						"0.8": [0, 0, 0],
						"1.16": [0, 0, 0]
					}
				},
				"left_back_leg": {
					"rotation": {
						"0.0": [0, 0, 0],
						"0.64": [70, 0, 0],
						"0.8": [0, 0, 0],
						"1.16": [0, 0, 0]
					},
					"position": {
						"0.0": [0, 0, 0],
						"0.64": [0, -0.5, 0.5],
						"0.8": [0, 0, 0.25],
						"1.16": [0, 0, 0]
					}
				}
			}
		},
		"animation.cute_polar_bear.move": {
			"loop": true,
			"animation_length": 1.44,
			"bones": {
				"body_base": {
					"rotation": {
						"0.0": [0, 0, 0],
						"0.36": [0, -2, -3],
						"0.72": [0, 0, 0],
						"1.08": [0, 2, 3],
						"1.44": [0, 0, 0]
					},
					"position": {
						"0.0": [0, 0, 0],
						"0.72": [0, 0, 0],
						"1.44": [0, 0, 0]
					}
				},
				"right_front_leg": {
					"rotation": {
						"0.0": [-30, 0, 0],
						"0.72": [20, 0, 0],
						"1.44": [-30, 0, 0]
					},
					"position": {
						"0.0": [0, 0, 0],
						"0.72": [0, 0, 0],
						"1.08": [0, 1, 0],
						"1.44": [0, 0, 0]
					}
				},
				"left_front_leg": {
					"rotation": {
						"0.0": [20, 0, 0],
						"0.72": [-30, 0, 0],
						"1.44": [20, 0, 0]
					},
					"position": {
						"0.0": [0, 0, 0],
						"0.36": [0, 1, 0],
						"0.72": [0, 0, 0],
						"1.44": [0, 0, 0]
					}
				},
				"head": {
					"rotation": {
						"0.0": [0, 0, 0],
						"0.36": [3, 0, -2],
						"0.72": [0, 0, 0],
						"1.08": [3, 0, 2],
						"1.44": [0, 0, 0]
					},
					"position": {
						"0.0": [0, 0, 0],
						"0.72": [0, 0, 0],
						"1.44": [0, 0, 0]
					}
				},
				"right_back_leg": {
					"rotation": {
						"0.0": [25, 0, 0],
						"0.72": [-15, 0, 0],
						"1.44": [25, 0, 0]
					},
					"position": {
						"0.0": [0, 0, 0],
						"0.36": [0, 1, 0],
						"0.72": [0, 0, 0],
						"1.44": [0, 0, 0]
					}
				},
				"left_back_leg": {
					"rotation": {
						"0.0": [-25, 0, 0],
						"0.72": [15, 0, 0],
						"1.44": [-25, 0, 0]
					},
					"position": {
						"0.0": [0, 0, 0],
						"0.72": [0, 0, 0],
						"1.08": [0, 1, 0],
						"1.44": [0, 0, 0]
					}
				},
				"right_ear": {
					"rotation": {
						"0.0": [0, 0, 0],
						"0.36": [5, 0, 0],
						"0.72": [0, 0, 0],
						"1.08": [-5, 0, 0],
						"1.44": [0, 0, 0]
					},
					"position": {
						"0.0": [0, 0, 0],
						"0.72": [0, 0, 0],
						"1.44": [0, 0, 0]
					}
				},
				"left_ear": {
					"rotation": {
						"0.0": [0, 0, 0],
						"0.36": [-5, 0, 0],
						"0.72": [0, 0, 0],
						"1.08": [5, 0, 0],
						"1.44": [0, 0, 0]
					},
					"position": {
						"0.0": [0, 0, 0],
						"0.72": [0, 0, 0],
						"1.44": [0, 0, 0]
					}
				}
			}
		},
		"animation.cute_polar_bear.idle": {
			"loop": true,
			"animation_length": 1,
			"bones": {
				"body_base": {
					"rotation": [-60, 0, 0],
					"position": [0, -3.75, 0]
				},
				"body_segment_1": {
					"rotation": [5, 0, 0]
				},
				"right_front_leg": {
					"rotation": [25, 0, 10]
				},
				"left_front_leg": {
					"rotation": [25, 0, -10]
				},
				"head": {
					"rotation": [45, 0, 0],
					"position": [0, 0, -0.75]
				},
				"right_back_leg": {
					"rotation": [-25, 0, 15]
				},
				"left_back_leg": {
					"rotation": [-25, 0, -15]
				}
			}
		},
		"animation.cute_polar_bear.sit": {
			"loop": true,
			"animation_length": 1,
			"bones": {
				"body_base": {
					"rotation": [-60, 0, 0],
					"position": [0, -3.75, 0]
				},
				"body_segment_1": {
					"rotation": [5, 0, 0]
				},
				"right_front_leg": {
					"rotation": [25, 0, 10]
				},
				"left_front_leg": {
					"rotation": [25, 0, -10]
				},
				"head": {
					"rotation": [45, 0, 0],
					"position": [0, 0, -0.75]
				},
				"right_back_leg": {
					"rotation": [-25, 0, 15]
				},
				"left_back_leg": {
					"rotation": [-25, 0, -15]
				}
			}
		}
	}
}