{
	"format_version": "1.8.0",
	"animations": {
		"animation.cute_slime.move": {
			"loop": true,
			"animation_length": 1.36,
			"bones": {
				"body_base": {
					"rotation": {
						"0.0": [0, 0, 0],
						"0.2": [5, 0, 0],
						"0.88": [-5, 0, 0],
						"1.36": [0, 0, 0]
					},
					"position": {
						"0.0": [0, 0, 0],
						"0.2": [0, 0, 0],
						"0.52": [0, 16, 0],
						"0.68": [0, 14, 0],
						"0.88": [0, 7, 0],
						"1.08": [0, 0, 0],
						"1.2": [0, 0, 0],
						"1.28": [0, 0, 0],
						"1.36": [0, 0, 0]
					},
					"scale": {
						"0.0": [1, 1, 1],
						"0.2": [1, 1, 1],
						"0.32": [0.8, 1.6, 0.8],
						"0.68": [1, 1, 1],
						"0.8": [1, 1, 1],
						"1.0": [1, 1, 1],
						"1.08": [1.3, 0.7, 1.3],
						"1.2": [1, 1, 1],
						"1.28": [1.1, 0.9, 1.1],
						"1.36": [1, 1, 1]
					}
				}
			}
		},
		"animation.cute_slime.idle": {
			"loop": true,
			"animation_length": 1.36,
			"bones": {
				"body_base": {
					"rotation": {
						"0.0": [0, 0, 0],
						"0.2": [5, 0, 0],
						"0.88": [-5, 0, 0],
						"1.36": [0, 0, 0]
					},
					"position": {
						"0.0": [0, 0, 0],
						"0.2": [0, 0, 0],
						"0.52": [0, 16, 0],
						"0.68": [0, 14, 0],
						"0.88": [0, 7, 0],
						"1.08": [0, 0, 0],
						"1.2": [0, 0, 0],
						"1.28": [0, 0, 0],
						"1.36": [0, 0, 0]
					},
					"scale": {
						"0.0": [1, 1, 1],
						"0.2": [1, 1, 1],
						"0.32": [0.8, 1.6, 0.8],
						"0.68": [1, 1, 1],
						"0.8": [1, 1, 1],
						"1.0": [1, 1, 1],
						"1.08": [1.3, 0.7, 1.3],
						"1.2": [1, 1, 1],
						"1.28": [1.1, 0.9, 1.1],
						"1.36": [1, 1, 1]
					}
				}
			}
		},
		"animation.cute_slime.sit": {
			"loop": true,
			"animation_length": 1.36,
			"bones": {
				"body_base": {
					"rotation": {
						"0.0": [0, 0, 0],
						"0.2": [5, 0, 0],
						"0.88": [-5, 0, 0],
						"1.36": [0, 0, 0]
					},
					"position": {
						"0.0": [0, 0, 0],
						"0.2": [0, 0, 0],
						"0.52": [0, 16, 0],
						"0.68": [0, 14, 0],
						"0.88": [0, 7, 0],
						"1.08": [0, 0, 0],
						"1.2": [0, 0, 0],
						"1.28": [0, 0, 0],
						"1.36": [0, 0, 0]
					},
					"scale": {
						"0.0": [1, 1, 1],
						"0.2": [1, 1, 1],
						"0.32": [0.8, 1.6, 0.8],
						"0.68": [1, 1, 1],
						"0.8": [1, 1, 1],
						"1.0": [1, 1, 1],
						"1.08": [1.3, 0.7, 1.3],
						"1.2": [1, 1, 1],
						"1.28": [1.1, 0.9, 1.1],
						"1.36": [1, 1, 1]
					}
				}
			}
		}
	}
}