{
	"format_version": "1.8.0",
	"animations": {
		"animation.cute_turtle.move": {
			"loop": true,
			"animation_length": 1.44,
			"bones": {
				"body_base": {
					"position": [0, 5, 0]
				},
				"right_front_flipper": {
					"rotation": {
						"0.0": [5, -5, -10],
						"0.72": [5, 40, -10],
						"0.84": [5, 37.5, -10],
						"1.44": [5, -5, -10]
					}
				},
				"left_front_flipper": {
					"rotation": {
						"0.0": [5, 5, 10],
						"0.72": [5, -40, 10],
						"1.44": [5, 5, 10]
					}
				},
				"right_back_flipper": {
					"rotation": {
						"0.0": [0, -30, -15],
						"0.84": [0, 0, 0],
						"1.44": [0, -30, -15]
					}
				},
				"left_back_flipper": {
					"rotation": {
						"0.0": [0, 25, 15],
						"0.84": [0, -5, 0],
						"1.44": [0, 30, 15]
					}
				}
			}
		},
		"animation.cute_turtle.idle": {
			"loop": true,
			"animation_length": 1.44,
			"bones": {
				"body_base": {
					"position": [0, 5, 0]
				},
				"right_front_flipper": {
					"rotation": {
						"0.0": [5, -5, -10],
						"0.72": [5, 40, -10],
						"0.84": [5, 37.5, -10],
						"1.44": [5, -5, -10]
					}
				},
				"left_front_flipper": {
					"rotation": {
						"0.0": [5, 5, 10],
						"0.72": [5, -40, 10],
						"1.44": [5, 5, 10]
					}
				},
				"right_back_flipper": {
					"rotation": {
						"0.0": [0, -30, -15],
						"0.84": [0, 0, 0],
						"1.44": [0, -30, -15]
					}
				},
				"left_back_flipper": {
					"rotation": {
						"0.0": [0, 25, 15],
						"0.84": [0, -5, 0],
						"1.44": [0, 30, 15]
					}
				}
			}
		},
		"animation.cute_turtle.sit": {
			"loop": true,
			"animation_length": 1.44,
			"bones": {
				"body_base": {
					"position": [0, 5, 0]
				},
				"right_front_flipper": {
					"rotation": {
						"0.0": [5, -5, -10],
						"0.72": [5, 40, -10],
						"0.84": [5, 37.5, -10],
						"1.44": [5, -5, -10]
					}
				},
				"left_front_flipper": {
					"rotation": {
						"0.0": [5, 5, 10],
						"0.72": [5, -40, 10],
						"1.44": [5, 5, 10]
					}
				},
				"right_back_flipper": {
					"rotation": {
						"0.0": [0, -30, -15],
						"0.84": [0, 0, 0],
						"1.44": [0, -30, -15]
					}
				},
				"left_back_flipper": {
					"rotation": {
						"0.0": [0, 25, 15],
						"0.84": [0, -5, 0],
						"1.44": [0, 30, 15]
					}
				}
			}
		}
	}
}