{
	"format_version": "1.8.0",
	"animations": {
		"animation.cute_vindicator.attack": {
			"loop": true,
			"animation_length": 0.44,
			"bones": {
				"right_arm": {
					"rotation": {
						"0.0": [-10, 0, 0],
						"0.36": [-65, 0, 0],
						"0.44": [-10, 0, 0]
					},
					"position": {
						"0.0": [0, 0, 0],
						"0.44": [0, 0, 0]
					}
				}
			}
		},
		"animation.cute_vindicator.move": {
			"loop": true,
			"animation_length": 0.8,
			"bones": {
				"body_base": {
					"rotation": {
						"0.0": [0, 0, 0],
						"0.2": [0, -2, -2],
						"0.4": [0, 0, 0],
						"0.6": [0, 2, 2],
						"0.8": [0, 0, 0]
					},
					"position": {
						"0.0": [0, 0, 0],
						"0.2": [0, -0.25, 0],
						"0.4": [0, 0, 0],
						"0.6": [0, -0.25, 0],
						"0.8": [0, 0, 0]
					}
				},
				"head": {
					"rotation": {
						"0.0": [0, 0, 0],
						"0.2": [0, 0, -1],
						"0.4": [0, 0, 0],
						"0.6": [0, 0, 1],
						"0.8": [0, 0, 0]
					},
					"position": {
						"0.0": [0, 0, 0],
						"0.4": [0, 0, 0],
						"0.8": [0, 0, 0]
					}
				},
				"right_arm": {
					"rotation": {
						"0.0": [5, 0, 0],
						"0.2": [0, 0, 0],
						"0.4": [-5, 0, 0],
						"0.6": [0, 0, 0],
						"0.8": [5, 0, 0]
					},
					"position": {
						"0.0": [0, 0, 0],
						"0.4": [0, 0, 0],
						"0.8": [0, 0, 0]
					}
				},
				"left_arm": {
					"rotation": {
						"0.0": [-5, 0, 0],
						"0.2": [0, 0, 0],
						"0.4": [5, 0, 0],
						"0.6": [0, 0, 0],
						"0.8": [-5, 0, 0]
					},
					"position": {
						"0.0": [0, 0, 0],
						"0.4": [0, 0, 0],
						"0.8": [0, 0, 0]
					}
				},
				"right_leg": {
					"rotation": {
						"0.0": [-30, 0, 0],
						"0.4": [15, 0, 0],
						"0.8": [-30, 0, 0]
					},
					"position": {
						"0.0": [0, 0, 0],
						"0.4": [0, 0, 0],
						"0.8": [0, 0, 0]
					}
				},
				"left_leg": {
					"rotation": {
						"0.0": [30, 0, 0],
						"0.4": [-15, 0, 0],
						"0.8": [30, 0, 0]
					},
					"position": {
						"0.0": [0, 0, 0],
						"0.4": [0, 0, 0],
						"0.8": [0, 0, 0]
					}
				}
			}
		},
		"animation.cute_vindicator.idle": {
			"loop": true,
			"animation_length": 1,
			"bones": {
				"body_base": {
					"rotation": [-10, 0, 0],
					"position": [0, -2, 0]
				},
				"head": {
					"rotation": [15, 0, 0]
				},
				"right_arm": {
					"rotation": [-25, 0, 5]
				},
				"left_arm": {
					"rotation": [-25, 0, -5]
				},
				"right_leg": {
					"rotation": [-65, 20, 0]
				},
				"left_leg": {
					"rotation": [-65, -20, 0]
				}
			}
		},
		"animation.cute_vindicator.sit": {
			"loop": true,
			"animation_length": 1,
			"bones": {
				"body_base": {
					"rotation": [-10, 0, 0],
					"position": [0, -2, 0]
				},
				"head": {
					"rotation": [15, 0, 0]
				},
				"right_arm": {
					"rotation": [-25, 0, 5]
				},
				"left_arm": {
					"rotation": [-25, 0, -5]
				},
				"right_leg": {
					"rotation": [-65, 20, 0]
				},
				"left_leg": {
					"rotation": [-65, -20, 0]
				}
			}
		}
	}
}