{
	"format_version": "1.8.0",
	"animations": {
		"animation.cute_wither.move": {
			"loop": true,
			"animation_length": 1.44,
			"bones": {
				"body": {
					"rotation": {
						"0.0": [0, 0, 0],
						"0.72": [0, 0, 0],
						"1.44": [0, 0, 0]
					},
					"position": {
						"0.0": [0, 0, 0],
						"0.72": [0, 1, 0],
						"1.44": [0, 0, 0]
					}
				},
				"legs": {
					"rotation": {
						"0.0": [0, 0, 0],
						"0.72": [15, 0, 0],
						"1.44": [0, 0, 0]
					},
					"position": {
						"0.0": [0, 0, 0],
						"0.72": [0, 0, 0],
						"1.44": [0, 0, 0]
					}
				},
				"body_base": {
					"rotation": {
						"0.0": [0, 0, 0],
						"0.72": [10, 0, 0],
						"1.44": [0, 0, 0]
					},
					"position": {
						"0.0": [0, 0, 0],
						"1.44": [0, 0, 0]
					}
				}
			}
		},
		"animation.cute_wither.idle": {
			"loop": true,
			"animation_length": 1.44,
			"bones": {
				"body": {
					"rotation": {
						"0.0": [0, 0, 0],
						"0.72": [0, 0, 0],
						"1.44": [0, 0, 0]
					},
					"position": {
						"0.0": [0, 0, 0],
						"0.72": [0, 1, 0],
						"1.44": [0, 0, 0]
					}
				},
				"legs": {
					"rotation": {
						"0.0": [0, 0, 0],
						"0.72": [15, 0, 0],
						"1.44": [0, 0, 0]
					},
					"position": {
						"0.0": [0, 0, 0],
						"0.72": [0, 0, 0],
						"1.44": [0, 0, 0]
					}
				},
				"body_base": {
					"rotation": {
						"0.0": [0, 0, 0],
						"0.72": [10, 0, 0],
						"1.44": [0, 0, 0]
					},
					"position": {
						"0.0": [0, 0, 0],
						"1.44": [0, 0, 0]
					}
				}
			}
		},
		"animation.cute_wither.sit": {
			"loop": true,
			"animation_length": 1.44,
			"bones": {
				"body": {
					"rotation": {
						"0.0": [0, 0, 0],
						"0.72": [0, 0, 0],
						"1.44": [0, 0, 0]
					},
					"position": {
						"0.0": [0, 0, 0],
						"0.72": [0, 1, 0],
						"1.44": [0, 0, 0]
					}
				},
				"legs": {
					"rotation": {
						"0.0": [0, 0, 0],
						"0.72": [15, 0, 0],
						"1.44": [0, 0, 0]
					},
					"position": {
						"0.0": [0, 0, 0],
						"0.72": [0, 0, 0],
						"1.44": [0, 0, 0]
					}
				},
				"body_base": {
					"rotation": {
						"0.0": [0, 0, 0],
						"0.72": [10, 0, 0],
						"1.44": [0, 0, 0]
					},
					"position": {
						"0.0": [0, 0, 0],
						"1.44": [0, 0, 0]
					}
				}
			}
		}
	}
}