{
	"format_version": "1.8.0",
	"animations": {
		"animation.cute_wolf.move": {
			"loop": true,
			"animation_length": 0.8,
			"bones": {
				"body_base": {
					"rotation": {
						"0.0": [0, 0, 0],
						"0.2": [0, 0, -3],
						"0.4": [0, 0, 0],
						"0.6": [0, 0, 3],
						"0.8": [0, 0, 0]
					},
					"position": {
						"0.0": [0, 0, 0],
						"0.2": [0, -0.25, 0],
						"0.4": [0, 0, 0],
						"0.6": [0, -0.25, 0],
						"0.8": [0, 0, 0]
					}
				},
				"right_front_leg": {
					"rotation": {
						"0.0": [-35, 0, 0],
						"0.4": [15, 0, 0],
						"0.8": [-35, 0, 0]
					},
					"position": {
						"0.0": [0, 0, 0],
						"0.4": [0, 0, 0],
						"0.6": [0, 1, 0],
						"0.8": [0, 0, 0]
					}
				},
				"left_front_leg": {
					"rotation": {
						"0.0": [15, 0, 0],
						"0.4": [-35, 0, 0],
						"0.8": [15, 0, 0]
					},
					"position": {
						"0.0": [0, 0, 0],
						"0.2": [0, 1, 0],
						"0.4": [0, 0, 0],
						"0.8": [0, 0, 0]
					}
				},
				"right_back_leg": {
					"rotation": {
						"0.0": [25, 0, 0],
						"0.4": [-15, 0, 0],
						"0.8": [25, 0, 0]
					},
					"position": {
						"0.0": [0, 0, 0],
						"0.2": [0, 1, 0],
						"0.4": [0, 0, 0],
						"0.8": [0, 0, 0]
					}
				},
				"left_back_leg": {
					"rotation": {
						"0.0": [-15, 0, 0],
						"0.4": [25, 0, 0],
						"0.8": [-15, 0, 0]
					},
					"position": {
						"0.0": [0, 0, 0],
						"0.4": [0, 0, 0],
						"0.6": [0, 1, 0],
						"0.8": [0, 0, 0]
					}
				},
				"head": {
					"rotation": {
						"0.0": [0, 0, 0],
						"0.2": [0, 0, -3],
						"0.4": [0, 0, 0],
						"0.6": [0, 0, 3],
						"0.8": [0, 0, 0]
					},
					"position": {
						"0.0": [0, 0, 0],
						"0.4": [0, 0, 0],
						"0.8": [0, 0, 0]
					}
				},
				"right_ear": {
					"rotation": {
						"0.0": [0, 0, 0],
						"0.2": [2, 0, 0],
						"0.4": [0, 0, 0],
						"0.6": [-5, 0, 0],
						"0.8": [0, 0, 0]
					},
					"position": {
						"0.0": [0, 0, 0],
						"0.4": [0, 0, 0],
						"0.8": [0, 0, 0]
					}
				},
				"left_ear": {
					"rotation": {
						"0.0": [0, 0, 0],
						"0.2": [-2, 0, 0],
						"0.4": [0, 0, 0],
						"0.6": [5, 0, 0],
						"0.8": [0, 0, 0]
					},
					"position": {
						"0.0": [0, 0, 0],
						"0.4": [0, 0, 0],
						"0.8": [0, 0, 0]
					}
				},
				"body_segment_1": {
					"rotation": {
						"0.0": [0, 0, 0],
						"0.2": [0, 0, -1],
						"0.4": [0, 0, 0],
						"0.6": [0, 0, 1],
						"0.8": [0, 0, 0]
					},
					"position": {
						"0.0": [0, 0, 0],
						"0.4": [0, 0, 0],
						"0.8": [0, 0, 0]
					}
				},
				"tail": {
					"rotation": {
						"0.0": [0, 0, 0],
						"0.2": [0, 5, 0],
						"0.4": [0, 0, 0],
						"0.6": [0, -5, 0],
						"0.8": [0, 0, 0]
					},
					"position": {
						"0.0": [0, 0, 0],
						"0.4": [0, 0, 0],
						"0.8": [0, 0, 0]
					}
				}
			}
		},
		"animation.cute_wolf.idle": {
			"loop": true,
			"animation_length": 0.52,
			"bones": {
				"body_base": {
					"rotation": [-35, 0, 0],
					"position": [0, -3, 0]
				},
				"tail": {
					"rotation": [40, 10, 0]
				},
				"right_front_leg": {
					"rotation": [30, 0, 0],
					"position": [0, -1, -0.25]
				},
				"left_front_leg": {
					"rotation": [30, 0, 0],
					"position": [0, -1, -0.25]
				},
				"right_back_leg": {
					"rotation": [-35, 15, 0]
				},
				"left_back_leg": {
					"rotation": [-35, -15, 0]
				},
				"head": {
					"rotation": [35, 0, 0],
					"position": [0, -0.75, -0.5]
				},
				"body_segment_1": {
					"rotation": [5, 0, 0]
				}
			}
		},
		"animation.cute_wolf.sit": {
			"loop": true,
			"animation_length": 0.52,
			"bones": {
				"body_base": {
					"rotation": [-35, 0, 0],
					"position": [0, -3, 0]
				},
				"tail": {
					"rotation": [40, 10, 0]
				},
				"right_front_leg": {
					"rotation": [30, 0, 0],
					"position": [0, -1, -0.25]
				},
				"left_front_leg": {
					"rotation": [30, 0, 0],
					"position": [0, -1, -0.25]
				},
				"right_back_leg": {
					"rotation": [-35, 15, 0]
				},
				"left_back_leg": {
					"rotation": [-35, -15, 0]
				},
				"head": {
					"rotation": [35, 0, 0],
					"position": [0, -0.75, -0.5]
				},
				"body_segment_1": {
					"rotation": [5, 0, 0]
				}
			}
		}
	}
}