{
	"format_version": "1.8.0",
	"animations": {
		"animation.cute_cat.move": {
			"loop": true,
			"animation_length": 0.8,
			"bones": {
				"pets_root": {
					"rotation": {
						"0.0": [0, 0, 0],
						"0.2": [0, 0, 2],
						"0.4": [0, 0, 0],
						"0.6": [0, 0, -2],
						"0.8": [0, 0, 0]
					},
					"position": {
						"0.0": [0, 0, 0],
						"0.2": [0, -0.5, 0],
						"0.4": [0, 0, 0],
						"0.6": [0, -0.5, 0],
						"0.8": [0, 0, 0]
					},
					"scale": 0.8
				},
				"pets_tail": {
					"rotation": {
						"0.0": [0, 0, 0],
						"0.2": [-5, 5, 0],
						"0.4": [0, 0, 0],
						"0.6": [-5, -5, 0],
						"0.8": [0, 0, 0]
					}
				},
				"pets_right_front_leg": {
					"rotation": {
						"0.0": [-30, 0, 0],
						"0.4": [30, 0, 0],
						"0.8": [-30, 0, 0]
					},
					"position": {
						"0.4": [0, 0, 0],
						"0.6": [0, 1, 0],
						"0.8": [0, 0, 0]
					}
				},
				"pets_left_front_leg": {
					"rotation": {
						"0.0": [30, 0, 0],
						"0.4": [-30, 0, 0],
						"0.8": [30, 0, 0]
					},
					"position": {
						"0.0": [0, 0, 0],
						"0.2": [0, 1, 0],
						"0.4": [0, 0, 0]
					}
				},
				"pets__head": {
					"rotation": {
						"0.0": [0, 0, 0],
						"0.2": [0, 0, -3],
						"0.4": [0, 0, 0],
						"0.6": [0, 0, 3],
						"0.8": [0, 0, 0]
					}
				},
				"pets_right_back_leg": {
					"rotation": {
						"0.0": [20, 0, 0],
						"0.4": [-15, 0, 0],
						"0.8": [20, 0, 0]
					},
					"position": {
						"0.0": [0, 0, 0],
						"0.2": [0, 1, 0],
						"0.4": [0, 0, 0],
						"0.8": [0, 0, 0]
					}
				},
				"pets_left_back_leg": {
					"rotation": {
						"0.0": [-20, 0, 0],
						"0.4": [15, 0, 0],
						"0.8": [-20, 0, 0]
					},
					"position": {
						"0.0": [0, 0, 0],
						"0.4": [0, 0, 0],
						"0.6": [0, 1, 0],
						"0.8": [0, 0, 0]
					}
				},
				"right_ear": {
					"rotation": {
						"0.0": [0, 0, 0],
						"0.2": [5, 0, 0],
						"0.4": [-10, 0, 0],
						"0.6": [5, 0, 0],
						"0.8": [0, 0, 0]
					}
				},
				"left_ear": {
					"rotation": {
						"0.0": [0, 0, 0],
						"0.2": [5, 0, 0],
						"0.4": [-10, 0, 0],
						"0.6": [5, 0, 0],
						"0.8": [0, 0, 0]
					}
				}
			}
		},
		"animation.cute_cat.idle": {
			"loop": true,
			"animation_length": 1,
			"bones": {
				"pets_root": {
					"rotation": [-20, 0, 0],
					"position": [0, -2, 0],
					"scale": 0.8
				},
				"pets_tail": {
					"rotation": [-30, -5, 0]
				},
				"pets_right_front_leg": {
					"rotation": [20, 0, 0],
					"position": [0, -0.25, 0]
				},
				"pets_left_front_leg": {
					"rotation": [20, 0, 0],
					"position": [0, -0.25, 0]
				},
				"pets_right_back_leg": {
					"rotation": [-55, 0, 0]
				},
				"pets_left_back_leg": {
					"rotation": [-55, 0, 0]
				},
				"pets__head": {
					"rotation": [20, 0, 0]
				}
			}
		},
		"animation.cute_cat.sit": {
			"loop": true,
			"animation_length": 1,
			"bones": {
				"pets_root": {
					"rotation": [-20, 0, 0],
					"position": [0, -2, 0],
					"scale": 0.8
				},
				"pets_tail": {
					"rotation": [-30, -5, 0]
				},
				"pets_right_front_leg": {
					"rotation": [20, 0, 0],
					"position": [0, -0.25, 0]
				},
				"pets_left_front_leg": {
					"rotation": [20, 0, 0],
					"position": [0, -0.25, 0]
				},
				"pets_right_back_leg": {
					"rotation": [-55, 0, 0]
				},
				"pets_left_back_leg": {
					"rotation": [-55, 0, 0]
				},
				"pets__head": {
					"rotation": [20, 0, 0]
				}
			}
		}
	}
}