{
	"format_version": "1.8.0",
	"animations": {
		"animation.cute_creeper.attack": {
			"loop": true,
			"animation_length": 2,
			"bones": {
				"pets_root": {
					"rotation": {
						"0.0": [0, 0, 0],
						"0.24": [0, 0, 3],
						"0.48": [0, 0, -3],
						"0.72": [0, 0, 3],
						"0.96": [0, 0, -3],
						"1.2": [0, 0, 3],
						"1.44": [0, 0, -3],
						"1.68": [0, 0, 3],
						"2.0": [0, 0, 0]
					},
					"position": {
						"0.0": [0, 0, 0],
						"2.0": [0, 1, 0]
					},
					"scale": {
						"0.0": [1, 1, 1],
						"2.0": [1.3, 1.3, 1.3]
					}
				},
				"pets_head": {
					"rotation": {
						"0.0": [0, 0, 0],
						"0.24": [0, 1, 2],
						"0.48": [0, -1, -2],
						"0.72": [0, 1, 2],
						"0.96": [0, -1, -2],
						"1.2": [0, 1, 2],
						"1.44": [0, -1, -2],
						"1.68": [0, 1, 2],
						"2.0": [0, 0, 0]
					},
					"position": {
						"0.0": [0, 0, 0],
						"2.0": [0, 0, 0]
					}
				},
				"pets_legs": {
					"rotation": {
						"0.0": [0, 0, 0],
						"0.24": [0, 0, -2],
						"0.48": [0, 0, 2],
						"0.72": [0, 0, -2],
						"0.96": [0, 0, 2],
						"1.2": [0, 0, -2],
						"1.44": [0, 0, 2],
						"1.68": [0, 0, -2],
						"2.0": [0, 0, 0]
					},
					"position": {
						"0.0": [0, 0, 0],
						"2.0": [0, 0, 0]
					}
				}
			}
		},
		"animation.cute_creeper.move": {
			"loop": true,
			"animation_length": 0.8,
			"bones": {
				"pets_root": {
					"rotation": {
						"0.0": [0, 0, 0],
						"0.2": [0, 0, -2],
						"0.4": [0, 0, 0],
						"0.6": [0, 0, 2],
						"0.8": [0, 0, 0]
					},
					"position": {
						"0.0": [0, 0, 0],
						"0.2": [0, -0.25, 0],
						"0.4": [0, 0, 0],
						"0.6": [0, -0.25, 0],
						"0.8": [0, 0, 0]
					}
				},
				"pets_head": {
					"rotation": {
						"0.0": [0, 0, 0],
						"0.2": [0, 0, -2],
						"0.4": [0, 0, 0],
						"0.6": [0, 0, 2],
						"0.8": [0, 0, 0]
					},
					"position": {
						"0.0": [0, 0, 0],
						"0.4": [0, 0, 0],
						"0.8": [0, 0, 0]
					}
				},
				"pets_right_front_leg": {
					"rotation": {
						"0.0": [-20, 0, 0],
						"0.4": [25, 0, 0],
						"0.8": [-20, 0, 0]
					},
					"position": {
						"0.0": [0, 0, 0],
						"0.4": [0, 0, 0],
						"0.6": [0, 0.5, 0],
						"0.8": [0, 0, 0]
					}
				},
				"pets_left_front_leg": {
					"rotation": {
						"0.0": [25, 0, 0],
						"0.4": [-25, 0, 0],
						"0.8": [25, 0, 0]
					},
					"position": {
						"0.0": [0, 0, 0],
						"0.2": [0, 0.5, 0],
						"0.4": [0, 0, 0],
						"0.8": [0, 0, 0]
					}
				},
				"pets_right_back_leg": {
					"rotation": {
						"0.0": [15, 0, 0],
						"0.4": [-10, 0, 0],
						"0.8": [15, 0, 0]
					},
					"position": {
						"0.0": [0, 0, 0],
						"0.2": [0, 0.5, 0],
						"0.4": [0, 0, 0],
						"0.8": [0, 0, 0]
					}
				},
				"pets_left_back_leg": {
					"rotation": {
						"0.0": [-15, 0, 0],
						"0.4": [10, 0, 0],
						"0.8": [-15, 0, 0]
					},
					"position": {
						"0.0": [0, 0, 0],
						"0.4": [0, 0, 0],
						"0.6": [0, 0.5, 0],
						"0.8": [0, 0, 0]
					}
				}
			}
		},
		"animation.cute_creeper.idle": {
			"loop": true,
			"animation_length": 0.8,
			"bones": {
				"pets_root": {
					"rotation": [10, 0, 0],
					"position": [0, -1.75, 0]
				},
				"pets_head": {
					"rotation": [-10, 0, 0]
				},
				"pets_right_front_leg": {
					"rotation": [-77.5, 10, 0]
				},
				"pets_left_front_leg": {
					"rotation": [-67.5, -5, 0]
				},
				"pets_right_back_leg": {
					"rotation": [40, -7.5, 0]
				},
				"pets_left_back_leg": {
					"rotation": [40, 5, 0]
				}
			}
		},
		"animation.cute_creeper.sit": {
			"loop": true,
			"animation_length": 0.8,
			"bones": {
				"pets_root": {
					"rotation": [10, 0, 0],
					"position": [0, -1.75, 0]
				},
				"pets_head": {
					"rotation": [-10, 0, 0]
				},
				"pets_right_front_leg": {
					"rotation": [-77.5, 10, 0]
				},
				"pets_left_front_leg": {
					"rotation": [-67.5, -5, 0]
				},
				"pets_right_back_leg": {
					"rotation": [40, -7.5, 0]
				},
				"pets_left_back_leg": {
					"rotation": [40, 5, 0]
				}
			}
		}
	}
}