{
	"format_version": "1.8.0",
	"animations": {
		"animation.cute_iron_golem.attack": {
			"loop": true,
			"animation_length": 0.6,
			"bones": {
				"right_arm": {
					"rotation": {
						"0.0": [0, 0, 0],
						"0.16": [-110, 15, 0],
						"0.6": [0, 0, 0]
					},
					"position": {
						"0.0": [0, 0, 0],
						"0.6": [0, 0, 0]
					}
				},
				"left_arm": {
					"rotation": {
						"0.0": [0, 0, 0],
						"0.16": [-110, -15, 0],
						"0.6": [0, 0, 0]
					},
					"position": {
						"0.0": [0, 0, 0],
						"0.6": [0, 0, 0]
					}
				}
			}
		},
		"animation.cute_iron_golem.move": {
			"loop": true,
			"animation_length": 1.52,
			"bones": {
				"hips": {
					"rotation": {
						"0.0": [0, 0, 0],
						"0.36": [0, 2.5, -2],
						"0.72": [0, 0, 0],
						"1.16": [0, -2.5, 2],
						"1.52": [0, 0, 0]
					},
					"position": {
						"0.0": [0, 0, 0],
						"0.36": [0, -0.5, 0],
						"0.72": [0, 0, 0],
						"1.16": [0, -0.5, 0],
						"1.52": [0, 0, 0]
					}
				},
				"right_arm": {
					"rotation": {
						"0.0": [0, 0, 0],
						"0.36": [0, 0, 5],
						"0.72": [0, 0, 0],
						"1.16": [0, 0, 5],
						"1.52": [0, 0, 0]
					},
					"position": {
						"0.0": [0, 0, 0],
						"0.72": [0, 0, 0],
						"1.52": [0, 0, 0]
					}
				},
				"left_arm": {
					"rotation": {
						"0.0": [0, 0, 0],
						"0.36": [0, 0, -5],
						"0.72": [0, 0, 0],
						"1.16": [0, 0, -5],
						"1.52": [0, 0, 0]
					},
					"position": {
						"0.0": [0, 0, 0],
						"0.72": [0, 0, 0],
						"1.52": [0, 0, 0]
					}
				},
				"head": {
					"rotation": {
						"0.0": [0, 0, 0],
						"0.36": [0, 0, -2],
						"0.72": [0, 0, 0],
						"1.16": [0, 0, 2],
						"1.52": [0, 0, 0]
					},
					"position": {
						"0.0": [0, 0, 0],
						"1.52": [0, 0, 0]
					}
				},
				"right_leg": {
					"rotation": {
						"0.0": [-30, 0, 0],
						"0.72": [20, 0, 0],
						"1.52": [-30, 0, 0]
					},
					"position": {
						"0.0": [0, 0, -0.5],
						"0.72": [0, 0, 0],
						"1.52": [0, 0, -0.5]
					}
				},
				"left_leg": {
					"rotation": {
						"0.0": [20, 0, 0],
						"0.72": [-30, 0, 0],
						"1.52": [20, 0, 0]
					},
					"position": {
						"0.0": [0, 0, -0.5],
						"0.72": [0, 0, 0],
						"1.52": [0, 0, -0.5]
					}
				}
			}
		},
		"animation.cute_iron_golem.idle": {
			"loop": true,
			"animation_length": 1,
			"bones": {
				"hips": {
					"rotation": [-5, 0, 0],
					"position": [0, -2.25, 0]
				},
				"right_arm": {
					"rotation": [15, 15, 20]
				},
				"left_arm": {
					"rotation": [15, 0, -10]
				},
				"head": {
					"rotation": [0, 0, 0]
				},
				"right_leg": {
					"rotation": [-80, 15, 0]
				},
				"left_leg": {
					"rotation": [-80, -25, 0]
				}
			}
		},
		"animation.cute_iron_golem.sit": {
			"loop": true,
			"animation_length": 1,
			"bones": {
				"hips": {
					"rotation": [-5, 0, 0],
					"position": [0, -2.25, 0]
				},
				"right_arm": {
					"rotation": [15, 15, 20]
				},
				"left_arm": {
					"rotation": [15, 0, -10]
				},
				"head": {
					"rotation": [0, 0, 0]
				},
				"right_leg": {
					"rotation": [-80, 15, 0]
				},
				"left_leg": {
					"rotation": [-80, -25, 0]
				}
			}
		}
	}
}