{
	"format_version": "1.8.0",
	"animations": {
		"animation.cute_magma_cube.move": {
			"loop": true,
			"animation_length": 1.36,
			"bones": {
				"body_base": {
					"rotation": {
						"0.0": [0, 0, 0],
						"0.2": [2, 0, 0],
						"0.96": [-5, 0, 0],
						"1.36": [0, 0, 0]
					},
					"position": {
						"0.0": [0, 0, 0],
						"0.2": [0, 0, 0],
						"0.64": [0, 18, 0],
						"0.96": [0, 5, 0],
						"1.08": [0, 0, 0],
						"1.36": [0, 0, 0]
					},
					"scale": {
						"0.0": [1, 1, 1],
						"0.2": [1, 1, 1],
						"0.32": [0.8, 1.6, 0.8],
						"0.64": [1, 1, 1],
						"0.8": [1, 1, 1],
						"1.0": [1, 1, 1],
						"1.08": [1.3, 0.7, 1.3],
						"1.2": [1, 1, 1],
						"1.28": [1.1, 0.9, 1.1],
						"1.36": [1, 1, 1]
					}
				},
				"layer_1": {
					"position": {
						"0.0": [0, 0, 0],
						"0.2": [0, 0, 0],
						"0.28": [0, 1, 0],
						"0.32": [0, 1, 0],
						"0.8": [0, 0, 0]
					}
				},
				"layer_2": {
					"position": {
						"0.0": [0, 0, 0],
						"0.2": [0, 0, 0],
						"0.32": [0, 1, 0],
						"0.8": [0, 0, 0]
					}
				},
				"layer_3": {
					"position": {
						"0.0": [0, 0, 0],
						"0.2": [0, 0, 0],
						"0.32": [0, 0.5, 0],
						"0.8": [0, 0, 0]
					}
				},
				"layer_4": {
					"position": {
						"0.0": [0, 0, 0],
						"0.2": [0, 0, 0],
						"0.32": [0, 0.5, 0],
						"0.8": [0, 0, 0]
					}
				},
				"layer_5": {
					"position": {
						"0.0": [0, 0, 0],
						"0.2": [0, 0, 0],
						"0.32": [0, 0.5, 0],
						"0.8": [0, 0, 0]
					}
				}
			}
		},
		"animation.cute_magma_cube.idle": {
			"loop": true,
			"animation_length": 1.36,
			"bones": {
				"body_base": {
					"rotation": {
						"0.0": [0, 0, 0],
						"0.2": [2, 0, 0],
						"0.96": [-5, 0, 0],
						"1.36": [0, 0, 0]
					},
					"position": {
						"0.0": [0, 0, 0],
						"0.2": [0, 0, 0],
						"0.64": [0, 18, 0],
						"0.96": [0, 5, 0],
						"1.08": [0, 0, 0],
						"1.36": [0, 0, 0]
					},
					"scale": {
						"0.0": [1, 1, 1],
						"0.2": [1, 1, 1],
						"0.32": [0.8, 1.6, 0.8],
						"0.64": [1, 1, 1],
						"0.8": [1, 1, 1],
						"1.0": [1, 1, 1],
						"1.08": [1.3, 0.7, 1.3],
						"1.2": [1, 1, 1],
						"1.28": [1.1, 0.9, 1.1],
						"1.36": [1, 1, 1]
					}
				},
				"layer_1": {
					"position": {
						"0.0": [0, 0, 0],
						"0.2": [0, 0, 0],
						"0.28": [0, 1, 0],
						"0.32": [0, 1, 0],
						"0.8": [0, 0, 0]
					}
				},
				"layer_2": {
					"position": {
						"0.0": [0, 0, 0],
						"0.2": [0, 0, 0],
						"0.32": [0, 1, 0],
						"0.8": [0, 0, 0]
					}
				},
				"layer_3": {
					"position": {
						"0.0": [0, 0, 0],
						"0.2": [0, 0, 0],
						"0.32": [0, 0.5, 0],
						"0.8": [0, 0, 0]
					}
				},
				"layer_4": {
					"position": {
						"0.0": [0, 0, 0],
						"0.2": [0, 0, 0],
						"0.32": [0, 0.5, 0],
						"0.8": [0, 0, 0]
					}
				},
				"layer_5": {
					"position": {
						"0.0": [0, 0, 0],
						"0.2": [0, 0, 0],
						"0.32": [0, 0.5, 0],
						"0.8": [0, 0, 0]
					}
				}
			}
		},
		"animation.cute_magma_cube.sit": {
			"loop": true,
			"animation_length": 1.36,
			"bones": {
				"body_base": {
					"rotation": {
						"0.0": [0, 0, 0],
						"0.2": [2, 0, 0],
						"0.96": [-5, 0, 0],
						"1.36": [0, 0, 0]
					},
					"position": {
						"0.0": [0, 0, 0],
						"0.2": [0, 0, 0],
						"0.64": [0, 18, 0],
						"0.96": [0, 5, 0],
						"1.08": [0, 0, 0],
						"1.36": [0, 0, 0]
					},
					"scale": {
						"0.0": [1, 1, 1],
						"0.2": [1, 1, 1],
						"0.32": [0.8, 1.6, 0.8],
						"0.64": [1, 1, 1],
						"0.8": [1, 1, 1],
						"1.0": [1, 1, 1],
						"1.08": [1.3, 0.7, 1.3],
						"1.2": [1, 1, 1],
						"1.28": [1.1, 0.9, 1.1],
						"1.36": [1, 1, 1]
					}
				},
				"layer_1": {
					"position": {
						"0.0": [0, 0, 0],
						"0.2": [0, 0, 0],
						"0.28": [0, 1, 0],
						"0.32": [0, 1, 0],
						"0.8": [0, 0, 0]
					}
				},
				"layer_2": {
					"position": {
						"0.0": [0, 0, 0],
						"0.2": [0, 0, 0],
						"0.32": [0, 1, 0],
						"0.8": [0, 0, 0]
					}
				},
				"layer_3": {
					"position": {
						"0.0": [0, 0, 0],
						"0.2": [0, 0, 0],
						"0.32": [0, 0.5, 0],
						"0.8": [0, 0, 0]
					}
				},
				"layer_4": {
					"position": {
						"0.0": [0, 0, 0],
						"0.2": [0, 0, 0],
						"0.32": [0, 0.5, 0],
						"0.8": [0, 0, 0]
					}
				},
				"layer_5": {
					"position": {
						"0.0": [0, 0, 0],
						"0.2": [0, 0, 0],
						"0.32": [0, 0.5, 0],
						"0.8": [0, 0, 0]
					}
				}
			}
		}
	}
}