{
	"format_version": "1.8.0",
	"animations": {
		"animation.cute_panda.attack": {
			"loop": true,
			"animation_length": 1.16,
			"bones": {
				"body_base": {
					"rotation": {
						"0.0": [0, 0, 0],
						"0.64": [-45, 0, 0],
						"0.8": [0, 0, 0],
						"1.16": [0, 0, 0]
					},
					"position": {
						"0.0": [0, 0, 0],
						"0.64": [0, 1, 0],
						"0.8": [0, -0.25, 0],
						"1.16": [0, 0, 0]
					}
				},
				"right_back_leg": {
					"rotation": {
						"0.0": [0, 0, 0],
						"0.64": [45, 0, 0],
						"0.8": [0, 0, 0],
						"1.16": [0, 0, 0]
					},
					"position": {
						"0.0": [0, 0, 0],
						"0.64": [0, -0.5, 0.25],
						"0.8": [0, 0, 0],
						"1.16": [0, 0, 0]
					}
				},
				"left_back_leg": {
					"rotation": {
						"0.0": [0, 0, 0],
						"0.64": [65, 0, 0],
						"0.8": [0, 0, 0],
						"1.16": [0, 0, 0]
					},
					"position": {
						"0.0": [0, 0, 0],
						"0.64": [0, -0.5, 0.5],
						"0.8": [0, 0, 0.25],
						"1.16": [0, 0, 0]
					}
				},
				"right_front_leg": {
					"rotation": {
						"0.0": [0, 0, 0],
						"0.4": [-80, 20, 0],
						"0.52": [-70, 20, 0],
						"0.64": [-80, 20, 0],
						"0.8": [-30, 5, 0],
						"1.16": [0, 0, 0]
					},
					"position": {
						"0.0": [0, 0, 0],
						"0.8": [0, 0, 0],
						"1.16": [0, 0, 0]
					}
				},
				"left_front_leg": {
					"rotation": {
						"0.0": [0, 0, 0],
						"0.4": [-40, -10, 0],
						"0.52": [-50, -10, 0],
						"0.64": [-70, -10, 0],
						"1.16": [0, 0, 0]
					},
					"position": {
						"0.0": [0, 0, 0],
						"0.8": [0, 0, 0],
						"1.16": [0, 0, 0]
					}
				},
				"head": {
					"rotation": {
						"0.0": [0, 0, 0],
						"0.64": [35, 0, 0],
						"0.76": [15, 0, 5],
						"0.88": [21, 0, 1],
						"1.0": [5, 0, -5],
						"1.16": [0, 0, 0]
					},
					"position": {
						"0.0": [0, 0, 0],
						"0.64": [0, 0, 0],
						"0.76": [0, 0, 0],
						"1.0": [0, 0, 0],
						"1.16": [0, 0, 0]
					}
				},
				"right_ear": {
					"rotation": {
						"0.0": [0, 0, 0],
						"0.64": [0, 0, 0],
						"0.76": [1.25, 0, 0],
						"0.8": [15, 0, 0],
						"0.88": [5, 0, -5],
						"1.0": [7.86, 0, -7.86],
						"1.16": [0, 0, 0]
					},
					"position": {
						"0.0": [0, 0, 0],
						"0.64": [0, 0, 0],
						"0.8": [0, 0, 0],
						"1.16": [0, 0, 0]
					}
				},
				"left_ear": {
					"rotation": {
						"0.0": [0, 0, 0],
						"0.64": [0, 0, 0],
						"0.8": [10, 0, 0],
						"0.88": [7.78, 0, 10],
						"1.0": [-5.55, 0, -4.29],
						"1.16": [0, 0, 0]
					},
					"position": {
						"0.0": [0, 0, 0],
						"0.64": [0, 0, 0],
						"0.8": [0, 0, 0],
						"1.16": [0, 0, 0]
					}
				}
			}
		},
		"animation.cute_panda.move": {
			"loop": true,
			"animation_length": 1.44,
			"bones": {
				"body_base": {
					"rotation": {
						"0.0": [0, 0, 0],
						"0.36": [0, 2, -3],
						"0.72": [0, 0, 0],
						"1.08": [0, 2, 3],
						"1.44": [0, 0, 0]
					},
					"position": {
						"0.0": [0, 0, 0],
						"0.36": [0, -0.25, 0],
						"0.72": [0, 0, 0],
						"1.08": [0, -0.25, 0],
						"1.44": [0, 0, 0]
					}
				},
				"right_back_leg": {
					"rotation": {
						"0.0": [20, 0, 0],
						"0.72": [-15, 0, 0],
						"1.44": [20, 0, 0]
					},
					"position": {
						"0.0": [0, 0, 0],
						"0.36": [0, 1, 0],
						"0.72": [0, 0, 0],
						"1.44": [0, 0, 0]
					}
				},
				"left_back_leg": {
					"rotation": {
						"0.0": [-15, 0, 0],
						"0.72": [20, 0, 0],
						"1.44": [-15, 0, 0]
					},
					"position": {
						"0.0": [0, 0, 0],
						"0.72": [0, 0, 0],
						"1.08": [0, 1, 0],
						"1.44": [0, 0, 0]
					}
				},
				"right_front_leg": {
					"rotation": {
						"0.0": [-30, 0, 0],
						"0.72": [20, 0, 0],
						"1.44": [-30, 0, 0]
					},
					"position": {
						"0.0": [0, 0, 0],
						"0.72": [0, 0, 0],
						"1.08": [0, 1, 0],
						"1.44": [0, 0, 0]
					}
				},
				"left_front_leg": {
					"rotation": {
						"0.0": [20, 0, 0],
						"0.72": [-30, 0, 0],
						"1.44": [20, 0, 0]
					},
					"position": {
						"0.0": [0, 0, 0],
						"0.36": [0, 1, 0],
						"0.72": [0, 0, 0],
						"1.44": [0, 0, 0]
					}
				},
				"head": {
					"rotation": {
						"0.0": [0, 0, 0],
						"0.36": [0, 0, -3],
						"0.72": [0, 0, 0],
						"1.08": [0, 0, 3],
						"1.44": [0, 0, 0]
					},
					"position": {
						"0.0": [0, 0, 0],
						"0.72": [0, 0, 0],
						"1.44": [0, 0, 0]
					}
				},
				"right_ear": {
					"rotation": {
						"0.0": [0, 0, 0],
						"0.36": [5, 0, 0],
						"0.72": [0, 0, 0],
						"1.08": [-5, 0, 0],
						"1.44": [0, 0, 0]
					},
					"position": {
						"0.0": [0, 0, 0],
						"0.72": [0, 0, 0],
						"1.44": [0, 0, 0]
					}
				},
				"left_ear": {
					"rotation": {
						"0.0": [0, 0, 0],
						"0.36": [-5, 0, 0],
						"0.72": [0, 0, 0],
						"1.08": [5, 0, 0],
						"1.44": [0, 0, 0]
					},
					"position": {
						"0.0": [0, 0, 0],
						"0.72": [0, 0, 0],
						"1.44": [0, 0, 0]
					}
				}
			}
		},
		"animation.cute_panda.idle": {
			"loop": true,
			"animation_length": 1,
			"bones": {
				"body_base": {
					"rotation": [-65, 0, 0],
					"position": [0, -3.25, 0]
				},
				"right_back_leg": {
					"rotation": [-15, 0, 15]
				},
				"left_back_leg": {
					"rotation": [-15, 0, -20]
				},
				"right_front_leg": {
					"rotation": [25, 0, 0],
					"position": [0, 0, 0.75]
				},
				"left_front_leg": {
					"rotation": [20, 0, 5],
					"position": [0, 0, 1]
				},
				"head": {
					"rotation": [55, 0, 0],
					"position": [0, -1, -1]
				}
			}
		},
		"animation.cute_panda.sit": {
			"loop": true,
			"animation_length": 1,
			"bones": {
				"body_base": {
					"rotation": [-65, 0, 0],
					"position": [0, -3.25, 0]
				},
				"right_back_leg": {
					"rotation": [-15, 0, 15]
				},
				"left_back_leg": {
					"rotation": [-15, 0, -20]
				},
				"right_front_leg": {
					"rotation": [25, 0, 0],
					"position": [0, 0, 0.75]
				},
				"left_front_leg": {
					"rotation": [20, 0, 5],
					"position": [0, 0, 1]
				},
				"head": {
					"rotation": [55, 0, 0],
					"position": [0, -1, -1]
				}
			}
		}
	}
}