{
	"format_version": "1.8.0",
	"animations": {
		"animation.cute_parrot.move": {
			"loop": true,
			"animation_length": 0.4,
			"bones": {
				"body_base": {
					"rotation": {
						"0.0": [0, 0, 0],
						"0.2": [5, 0, 0],
						"0.4": [0, 0, 0]
					},
					"position": {
						"0.0": [0, 3, 0],
						"0.2": [0, 4, 0],
						"0.4": [0, 3, 0]
					}
				},
				"right_back_leg": {
					"rotation": {
						"0.0": [20, 0, 0],
						"0.2": [10, 0, 0],
						"0.4": [20, 0, 0]
					}
				},
				"left_back_leg": {
					"rotation": {
						"0.0": [20, 0, 0],
						"0.2": [10, 0, 0],
						"0.4": [20, 0, 0]
					}
				},
				"right_wing": {
					"rotation": {
						"0.0": [-65, -30, 95],
						"0.2": [-52, -7, 27],
						"0.4": [-65, -30, 95]
					}
				},
				"left_wing": {
					"rotation": {
						"0.0": [-65, 30, -95],
						"0.2": [-52, 7, -27],
						"0.4": [-67, 32, -97]
					}
				},
				"head": {
					"rotation": {
						"0.0": [0, 0, 0],
						"0.24": [3, 0, 0],
						"0.4": [0, 0, 0]
					},
					"position": {
						"0.0": [0, 0, 0],
						"0.4": [0, 0, 0]
					}
				},
				"tail": {
					"rotation": {
						"0.0": [7, 0, 0],
						"0.2": [-15, 0, 0],
						"0.4": [7, 0, 0]
					},
					"position": {
						"0.0": [0, 0, 0],
						"0.4": [0, 0, 0]
					}
				},
				"tail_feathers": {
					"rotation": {
						"0.0": [0, 0, 0],
						"0.4": [0, 0, 0]
					},
					"position": {
						"0.0": [0, 0, 0],
						"0.4": [0, 0, 0]
					}
				}
			}
		},
		"animation.cute_parrot.idle": {
			"loop": true,
			"animation_length": 1,
			"bones": {
				"body_base": {
					"rotation": [-5, 0, 0],
					"position": [0, -1.75, 0]
				},
				"right_back_leg": {
					"rotation": [-70, 15, 0]
				},
				"left_back_leg": {
					"rotation": [-70, -15, 0]
				},
				"head": {
					"rotation": [-5, 0, 0]
				},
				"tail": {
					"rotation": [10, 0, 0]
				},
				"tail_feathers": {
					"rotation": [5, 0, 0]
				}
			}
		},
		"animation.cute_parrot.sit": {
			"loop": true,
			"animation_length": 1,
			"bones": {
				"body_base": {
					"rotation": [-5, 0, 0],
					"position": [0, -1.75, 0]
				},
				"right_back_leg": {
					"rotation": [-70, 15, 0]
				},
				"left_back_leg": {
					"rotation": [-70, -15, 0]
				},
				"head": {
					"rotation": [-5, 0, 0]
				},
				"tail": {
					"rotation": [10, 0, 0]
				},
				"tail_feathers": {
					"rotation": [5, 0, 0]
				}
			}
		}
	}
}