{
	"format_version": "1.8.0",
	"animations": {
		"animation.cute_ravager.move": {
			"loop": true,
			"animation_length": 1.44,
			"bones": {
				"body_base": {
					"rotation": {
						"0.0": [0, 0, 0],
						"0.36": [0, -2, -3],
						"0.72": [0, 0, 0],
						"1.08": [0, 2, 3],
						"1.44": [0, 0, 0]
					},
					"position": {
						"0.0": [0, 0, 0],
						"0.36": [0, -0.5, 0],
						"0.72": [0, 0, 0],
						"1.08": [0, -0.5, 0],
						"1.44": [0, 0, 0]
					}
				},
				"head": {
					"rotation": {
						"0.0": [0, 0, 0],
						"0.36": [0, 0, -3],
						"0.72": [0, 0, 0],
						"1.08": [0, 0, 3],
						"1.44": [0, 0, 0]
					},
					"position": {
						"0.0": [0, 0, 0],
						"0.72": [0, 0, 0],
						"1.44": [0, 0, 0]
					}
				},
				"nose": {
					"rotation": {
						"0.0": [0, 0, 0],
						"0.36": [0, 0, 2],
						"0.72": [0, 0, 0],
						"1.08": [0, 0, -2],
						"1.44": [0, 0, 0]
					},
					"position": {
						"0.0": [0, 0, 0],
						"0.72": [0, 0, 0],
						"1.44": [0, 0, 0]
					}
				},
				"right_front_leg": {
					"rotation": {
						"0.0": [-30, 0, 0],
						"0.72": [20, 0, 0],
						"1.44": [-30, 0, 0]
					},
					"position": {
						"0.0": [0, 0, 0],
						"0.72": [0, 0, 0],
						"1.08": [0, 1, 0],
						"1.44": [0, 0, 0]
					}
				},
				"left_front_leg": {
					"rotation": {
						"0.0": [20, 0, 0],
						"0.72": [-30, 0, 0],
						"1.44": [20, 0, 0]
					},
					"position": {
						"0.0": [0, 0, 0],
						"0.36": [0, 1, 0],
						"0.72": [0, 0, 0],
						"1.44": [0, 0, 0]
					}
				},
				"right_back_leg": {
					"rotation": {
						"0.0": [15, 0, 0],
						"0.72": [-10, 0, 0],
						"1.44": [15, 0, 0]
					},
					"position": {
						"0.0": [0, 0, 0],
						"0.36": [0, 0.75, 0],
						"0.72": [0, 0, 0],
						"1.44": [0, 0, 0]
					}
				},
				"left_back_leg": {
					"rotation": {
						"0.0": [-10, 0, 0],
						"0.72": [15, 0, 0],
						"1.44": [-10, 0, 0]
					},
					"position": {
						"0.0": [0, 0, 0],
						"0.72": [0, 0, 0],
						"1.08": [0, 0.75, 0],
						"1.44": [0, 0, 0]
					}
				}
			}
		},
		"animation.cute_ravager.idle": {
			"loop": true,
			"animation_length": 1,
			"bones": {
				"body_base": {
					"rotation": [-70, 0, 0],
					"position": [0, -1.75, 0]
				},
				"head": {
					"rotation": [60, 0, 0],
					"position": [0, -1.25, 0]
				},
				"right_front_leg": {
					"rotation": [10, 0, 5],
					"position": [0, 0, 0]
				},
				"left_front_leg": {
					"rotation": [10, 0, -5],
					"position": [0, 0, 0]
				},
				"right_back_leg": {
					"rotation": [-15, 0, 10],
					"position": [0, 0.25, 0.25]
				},
				"left_back_leg": {
					"rotation": [-15, 0, -10],
					"position": [0, 0.25, 0.25]
				}
			}
		},
		"animation.cute_ravager.sit": {
			"loop": true,
			"animation_length": 1,
			"bones": {
				"body_base": {
					"rotation": [-70, 0, 0],
					"position": [0, -1.75, 0]
				},
				"head": {
					"rotation": [60, 0, 0],
					"position": [0, -1.25, 0]
				},
				"right_front_leg": {
					"rotation": [10, 0, 5],
					"position": [0, 0, 0]
				},
				"left_front_leg": {
					"rotation": [10, 0, -5],
					"position": [0, 0, 0]
				},
				"right_back_leg": {
					"rotation": [-15, 0, 10],
					"position": [0, 0.25, 0.25]
				},
				"left_back_leg": {
					"rotation": [-15, 0, -10],
					"position": [0, 0.25, 0.25]
				}
			}
		}
	}
}