{
	"format_version": "1.8.0",
	"animations": {
		"animation.cute_shulker.move": {
			"loop": true,
			"animation_length": 1,
			"bones": {
				"body": {
					"rotation": {
						"0.0": [0, 0, 0],
						"0.2": [2, 0, 0],
						"0.84": [-5, 0, 0],
						"1.0": [0, 0, 0]
					},
					"position": {
						"0.0": [0, 0, 0],
						"0.2": [0, 0, 0],
						"0.4": [0, 12, 0],
						"0.6": [0, 16, 0],
						"0.84": [0, 1, 0],
						"0.92": [0, 0, 0],
						"1.0": [0, 0, 0]
					},
					"scale": {
						"0.0": [1, 1, 1],
						"0.16": [1, 1, 1],
						"0.2": [0.9, 1.1, 0.9],
						"0.52": [1, 1, 1],
						"0.6": [1, 1, 1],
						"0.84": [0.9, 1.1, 0.9],
						"0.92": [1.05, 0.95, 1.05],
						"1.0": [1, 1, 1]
					}
				},
				"top_half": {
					"rotation": {
						"0.4": [0, 0, 0],
						"0.52": [0, 2.5, 0],
						"0.68": [0, -5, 0],
						"0.92": [0, 0, 0]
					},
					"position": {
						"0.4": [0, 0, 0],
						"0.6": [0, 1, 0],
						"0.92": [0, 0, 0]
					}
				}
			}
		},
		"animation.cute_shulker.idle": {
			"loop": true,
			"animation_length": 10.28,
			"bones": {
				"top_half": {
					"rotation": {
						"0.0": [0, 0, 0],
						"0.72": [0, 0, 0],
						"1.08": [0, 0, 0],
						"1.56": [0, 0, 0],
						"1.92": [0, 0, 0],
						"10.0": [0, 0, 0],
						"10.28": [0, 0, 0],
						"3.68": [0, 0, 0],
						"4.16": [0, 0, 0],
						"4.44": [0, 0, 0],
						"5.2": [0, 0, 0],
						"5.72": [0, 180, 0],
						"6.24": [0, 170, 0],
						"6.76": [0, 180, 0],
						"7.28": [0, 190, 0],
						"7.8": [0, 170, 0],
						"8.32": [0, 0, 0],
						"8.84": [0, 0, 0],
						"9.52": [0, 0, 0]
					},
					"position": {
						"0.0": [0, 0, 0],
						"0.72": [0, 0, 0],
						"1.08": [0, 2, 0],
						"1.56": [0, 2, 0],
						"1.92": [0, 0, 0],
						"10.0": [0, 2, 0],
						"10.28": [0, 0, 0],
						"3.68": [0, 0, 0],
						"4.16": [0, 2, 0],
						"4.44": [0, 0, 0],
						"5.2": [0, 0, 0],
						"5.72": [0, 6, 0],
						"6.24": [0, 5, 0],
						"6.48": [0, 5.46, 0],
						"6.76": [0, 6, 0],
						"7.28": [0, 5, 0],
						"7.8": [0, 6, 0],
						"8.32": [0, 0, 0],
						"8.84": [0, 0, 0],
						"9.52": [0, 0, 0]
					}
				},
				"head": {
					"rotation": {
						"0.0": [0, 0, 0],
						"0.72": [0, 0, 0],
						"1.08": [-5, 0, 0],
						"1.56": [-12.5, 10, 0],
						"1.92": [0, 0, 0],
						"10.0": [-7.5, 10, 0],
						"10.28": [0, 0, 0],
						"3.8": [0, 0, 0],
						"4.16": [-7.5, 10, 0],
						"4.44": [0, 0, 0],
						"5.2": [0, 0, 0],
						"5.72": [-10, 15, 0],
						"6.24": [-10, -20, 0],
						"6.76": [-10, -20, 0],
						"7.28": [-10, 21.98, 0],
						"9.64": [0, 0, 0]
					},
					"position": {
						"1.08": [0, 0, 0],
						"1.56": [0, 0, -0.75],
						"1.92": [0, 0, 0.3],
						"10.0": [0, 0, -0.75],
						"10.28": [0, 0, 0],
						"3.8": [0, 0, 0],
						"4.16": [0, 0, -0.75],
						"4.44": [0, 0, 0],
						"5.2": [0, 0, 0],
						"5.72": [0, 2, 0],
						"6.48": [0, 1, 0],
						"7.8": [0, 2, 0],
						"8.32": [0, 0, 0],
						"9.64": [0, 0, 0]
					}
				}
			}
		},
		"animation.cute_shulker.sit": {
			"loop": true,
			"animation_length": 0.6,
			"bones": {
				"top_half": {
					"rotation": [-5, 0, 0],
					"position": [0, 3, 0]
				},
				"head": {
					"rotation": [-7.5, 0, 0]
				}
			}
		}
	}
}