{
	"format_version": "1.8.0",
	"animations": {
		"animation.cute_squid.move": {
			"loop": true,
			"animation_length": 1.08,
			"bones": {
				"body_base": {
					"rotation": {
						"0.0": [5, 0, 0],
						"0.72": [0, 0, 0],
						"1.0": [5, 0, 0]
					},
					"position": {
						"0.0": [0, 2, 0],
						"0.72": [0, 0, 0],
						"1.0": [0, 2, 0]
					}
				},
				"arm_1": {
					"rotation": {
						"0.0": [0, 0, 0],
						"0.72": [-20, 0, 0],
						"1.0": [0, 0, 0]
					}
				},
				"arm_2": {
					"rotation": {
						"0.0": [0, 0, 0],
						"0.72": [20, 0, 0],
						"1.0": [0, 0, 0]
					}
				},
				"arm_3": {
					"rotation": {
						"0.0": [0, 0, 0],
						"0.72": [-20, 0, -20],
						"1.0": [0, 0, 0]
					}
				},
				"arm_4": {
					"rotation": {
						"0.0": [0, 0, 0],
						"0.72": [-20, 0, 20],
						"1.0": [0, 0, 0]
					}
				},
				"arm_5": {
					"rotation": {
						"0.0": [0, 0, 0],
						"0.72": [20, 0, -20],
						"1.0": [0, 0, 0]
					}
				},
				"arm_6": {
					"rotation": {
						"0.0": [0, 0, 0],
						"0.72": [20, 0, 20],
						"1.0": [0, 0, 0]
					}
				},
				"head_top": {
					"rotation": {
						"0.0": [0, 0, 0],
						"0.72": [0, 0, 0],
						"1.0": [0, 0, 0]
					}
				}
			}
		},
		"animation.cute_squid.idle": {
			"loop": true,
			"animation_length": 12,
			"bones": {
				"body_base": {
					"rotation": {
						"0.0": [0, 0, 0],
						"10.0": [0, 0, 0],
						"12.0": [0, 0, 0],
						"2.0": [0, 0, 0],
						"4.0": [0, 0, 0],
						"4.6": [0, 0, 0],
						"4.76": [0, 5, -5],
						"5.0": [0, -5, 4.59],
						"5.24": [0, 5, -5],
						"5.4": [0, 0, 0],
						"6.0": [0, 0, 0],
						"8.0": [0, 0, 0],
						"8.2": [0, 12.5, 0],
						"9.8": [0, 12.5, 0]
					},
					"position": {
						"0.0": [0, 0, 0],
						"1.0": [0, 1, 0],
						"10.0": [0, 0, 0],
						"11.0": [0, 1, 0],
						"12.0": [0, 0, 0],
						"2.0": [0, 0, 0],
						"3.0": [0, 1, 0],
						"4.0": [0, 0, 0],
						"4.6": [0, 0, 0],
						"5.0": [0, 1, 0],
						"5.4": [0, 0, 0],
						"6.0": [0, 0, 0],
						"7.0": [0, 1, 0],
						"8.0": [0, 0, 0],
						"9.0": [0, 1, 0]
					}
				},
				"arm_1": {
					"rotation": {
						"0.0": [0, 0, 0],
						"1.0": [-15, 0, 0],
						"10.0": [0, 0, 0],
						"11.0": [-15, 0, 0],
						"12.0": [0, 0, 0],
						"2.0": [0, 0, 0],
						"3.0": [-15, 0, 0],
						"4.0": [0, 0, 0],
						"4.76": [-11.4, 0, 2.5],
						"5.0": [-15, 0, -7.5],
						"5.24": [-11.4, 0, 2.5],
						"6.0": [0, 0, 0],
						"7.0": [-15, 0, 0],
						"8.0": [0, 0, 0],
						"9.0": [-15, 0, 0]
					},
					"position": {
						"0.0": [0, 0, 0],
						"10.0": [0, 0, 0],
						"12.0": [0, 0, 0],
						"2.0": [0, 0, 0],
						"4.0": [0, 0, 0],
						"6.0": [0, 0, 0],
						"8.0": [0, 0, 0]
					}
				},
				"arm_2": {
					"rotation": {
						"0.0": [0, 0, 0],
						"1.0": [15, 0, 0],
						"10.0": [0, 0, 0],
						"11.0": [15, 0, 0],
						"12.0": [0, 0, 0],
						"2.0": [0, 0, 0],
						"3.0": [15, 0, 0],
						"4.0": [0, 0, 0],
						"4.76": [-11.4, 0, 2.5],
						"5.0": [-15, 0, -7.5],
						"5.24": [-11.4, 0, 2.5],
						"6.0": [0, 0, 0],
						"7.0": [15, 0, 0],
						"8.0": [0, 0, 0],
						"9.0": [15, 0, 0]
					},
					"position": {
						"0.0": [0, 0, 0],
						"10.0": [0, 0, 0],
						"12.0": [0, 0, 0],
						"2.0": [0, 0, 0],
						"4.0": [0, 0, 0],
						"6.0": [0, 0, 0],
						"8.0": [0, 0, 0]
					}
				},
				"arm_3": {
					"rotation": {
						"0.0": [0, 0, 0],
						"1.0": [-7.5, 0, -7.5],
						"10.0": [0, 0, 0],
						"11.0": [-7.5, 0, -7.5],
						"12.0": [0, 0, 0],
						"2.0": [0, 0, 0],
						"3.0": [-7.5, 0, -7.5],
						"4.0": [0, 0, 0],
						"4.76": [-5.7, 0, 1.8],
						"5.0": [-7.5, 0, -12.5],
						"5.24": [-5.7, 0, 1.8],
						"6.0": [0, 0, 0],
						"7.0": [-7.5, 0, -7.5],
						"8.0": [0, 0, 0],
						"9.0": [-7.5, 0, -7.5]
					},
					"position": {
						"0.0": [0, 0, 0],
						"10.0": [0, 0, 0],
						"12.0": [0, 0, 0],
						"2.0": [0, 0, 0],
						"4.0": [0, 0, 0],
						"6.0": [0, 0, 0],
						"8.0": [0, 0, 0]
					}
				},
				"arm_4": {
					"rotation": {
						"0.0": [0, 0, 0],
						"1.0": [-7.5, 0, 7.5],
						"10.0": [0, 0, 0],
						"11.0": [-7.5, 0, 7.5],
						"12.0": [0, 0, 0],
						"2.0": [0, 0, 0],
						"3.0": [-7.5, 0, 7.5],
						"4.0": [0, 0, 0],
						"4.76": [-5.7, 0, 8.2],
						"5.0": [-7.5, 0, 0],
						"5.24": [-5.7, 0, 8.2],
						"6.0": [0, 0, 0],
						"7.0": [-7.5, 0, 7.5],
						"8.0": [0, 0, 0],
						"9.0": [-7.5, 0, 7.5]
					},
					"position": {
						"0.0": [0, 0, 0],
						"10.0": [0, 0, 0],
						"12.0": [0, 0, 0],
						"2.0": [0, 0, 0],
						"4.0": [0, 0, 0],
						"6.0": [0, 0, 0],
						"8.0": [0, 0, 0]
					}
				},
				"arm_5": {
					"rotation": {
						"0.0": [0, 0, 0],
						"1.0": [7.5, 0, -7.5],
						"10.0": [0, 0, 0],
						"11.0": [7.5, 0, -7.5],
						"12.0": [0, 0, 0],
						"2.0": [0, 0, 0],
						"3.0": [7.5, 0, -7.5],
						"4.0": [0, 0, 0],
						"4.76": [-5.7, 0, 1.8],
						"5.0": [-7.5, 0, -12.5],
						"5.24": [-5.7, 0, 1.8],
						"6.0": [0, 0, 0],
						"7.0": [7.5, 0, -7.5],
						"8.0": [0, 0, 0],
						"9.0": [7.5, 0, -7.5]
					},
					"position": {
						"0.0": [0, 0, 0],
						"10.0": [0, 0, 0],
						"12.0": [0, 0, 0],
						"2.0": [0, 0, 0],
						"4.0": [0, 0, 0],
						"6.0": [0, 0, 0],
						"8.0": [0, 0, 0]
					}
				},
				"arm_6": {
					"rotation": {
						"0.0": [0, 0, 0],
						"1.0": [7.5, 0, 7.5],
						"10.0": [0, 0, 0],
						"11.0": [7.5, 0, 7.5],
						"12.0": [0, 0, 0],
						"2.0": [0, 0, 0],
						"3.0": [7.5, 0, 7.5],
						"4.0": [0, 0, 0],
						"4.76": [-5.7, 0, 8.2],
						"5.0": [-7.5, 0, -2.5],
						"5.24": [-5.7, 0, 8.2],
						"6.0": [0, 0, 0],
						"7.0": [7.5, 0, 7.5],
						"8.0": [0, 0, 0],
						"9.0": [7.5, 0, 7.5]
					},
					"position": {
						"0.0": [0, 0, 0],
						"10.0": [0, 0, 0],
						"12.0": [0, 0, 0],
						"2.0": [0, 0, 0],
						"4.0": [0, 0, 0],
						"6.0": [0, 0, 0],
						"8.0": [0, 0, 0]
					}
				},
				"head_top": {
					"rotation": {
						"4.0": [0, 0, 0],
						"4.6": [0, 0, 0],
						"4.76": [0, 0, -5],
						"5.0": [0, 0, 2.5],
						"5.24": [0, 0, -5],
						"5.4": [0, 0, 0],
						"6.0": [0, 0, 0]
					},
					"position": {
						"4.0": [0, 0, 0],
						"4.6": [0, 0, 0],
						"5.4": [0, 0, 0],
						"6.0": [0, 0, 0]
					}
				}
			}
		},
		"animation.cute_squid.sit": {
			"loop": true,
			"animation_length": 1,
			"bones": {
				"body_base": {
					"rotation": [-5, 0, 0],
					"position": [0, -4.5, 0]
				},
				"arm_1": {
					"rotation": [-55, 0, 0]
				},
				"arm_2": {
					"rotation": [60, 0, 0]
				},
				"arm_3": {
					"rotation": [-35, 0, -35]
				},
				"arm_4": {
					"rotation": [-35, 0, 35]
				},
				"arm_5": {
					"rotation": [35, 0, -35]
				},
				"arm_6": {
					"rotation": [35, 0, 35]
				}
			}
		}
	}
}