{
	"format_version": "1.8.0",
	"animations": {
		"animation.cute_strider.move": {
			"loop": true,
			"animation_length": 1.04,
			"bones": {
				"body_base": {
					"rotation": {
						"0.0": [0, 0, 0],
						"0.24": [0, 2, -5],
						"0.52": [0, 0, 0],
						"0.8": [0, -2, 5],
						"1.04": [0, 0, 0]
					},
					"position": {
						"0.0": [0, 0, 0],
						"0.24": [0, -0.25, 0],
						"0.52": [0, 0, 0],
						"0.8": [0, -0.25, 0],
						"1.04": [0, 0, 0]
					}
				},
				"right_leg": {
					"rotation": {
						"0.0": [-25, 0, 0],
						"0.52": [25, 0, 0],
						"1.04": [-25, 0, 0]
					},
					"position": {
						"0.0": [0, 0, 0],
						"0.52": [0, 0, 0],
						"1.04": [0, 0, 0]
					}
				},
				"left_leg": {
					"rotation": {
						"0.0": [25, 0, 0],
						"0.52": [-25, 0, 0],
						"1.04": [25, 0, 0]
					},
					"position": {
						"0.0": [0, 0, 0],
						"0.52": [0, 0, 0],
						"1.04": [0, 0, 0]
					}
				},
				"right_hair_1": {
					"rotation": {
						"0.0": [0, 0, 0],
						"0.24": [0, 0, -10],
						"0.52": [0, 0, 0],
						"0.8": [0, 0, -5],
						"1.04": [0, 0, 0]
					},
					"position": {
						"0.0": [0, 0, 0],
						"0.52": [0, 0, 0],
						"1.04": [0, 0, 0]
					}
				},
				"left_hair_1": {
					"rotation": {
						"0.0": [0, 0, 0],
						"0.24": [0, 0, 10],
						"0.52": [0, 0, 0],
						"0.8": [0, 0, 5],
						"1.04": [0, 0, 0]
					},
					"position": {
						"0.0": [0, 0, 0],
						"0.52": [0, 0, 0],
						"1.04": [0, 0, 0]
					}
				},
				"right_hair_2": {
					"rotation": {
						"0.0": [0, 0, 0],
						"0.24": [0, 0, -7],
						"0.52": [0, 0, 0],
						"0.8": [0, 0, -2],
						"1.04": [0, 0, 0]
					},
					"position": {
						"0.0": [0, 0, 0],
						"0.52": [0, 0, 0],
						"1.04": [0, 0, 0]
					}
				},
				"left_hair_2": {
					"rotation": {
						"0.0": [0, 0, 0],
						"0.24": [0, 0, 7],
						"0.52": [0, 0, 0],
						"0.8": [0, 0, 2],
						"1.04": [0, 0, 0]
					},
					"position": {
						"0.0": [0, 0, 0],
						"0.52": [0, 0, 0],
						"1.04": [0, 0, 0]
					}
				},
				"right_hair_3": {
					"rotation": {
						"0.0": [0, 0, 0],
						"0.24": [0, 0, -5],
						"0.52": [0, 0, 0],
						"0.8": [0, 0, -3],
						"1.04": [0, 0, 0]
					},
					"position": {
						"0.0": [0, 0, 0],
						"0.52": [0, 0, 0],
						"1.04": [0, 0, 0]
					}
				},
				"left_hair_3": {
					"rotation": {
						"0.0": [0, 0, 0],
						"0.24": [0, 0, 5],
						"0.52": [0, 0, 0],
						"0.8": [0, 0, 3],
						"1.04": [0, 0, 0]
					},
					"position": {
						"0.0": [0, 0, 0],
						"0.52": [0, 0, 0],
						"1.04": [0, 0, 0]
					}
				}
			}
		},
		"animation.cute_strider.idle": {
			"loop": true,
			"animation_length": 1,
			"bones": {
				"body_base": {
					"rotation": [-10, 0, 0],
					"position": [0, -2.75, 0]
				},
				"right_leg": {
					"rotation": [-65, 20, 0],
					"position": [0, 0, -1.25]
				},
				"left_leg": {
					"rotation": [-65, -20, 0],
					"position": [0, 0, -1.25]
				},
				"right_hair_1": {
					"rotation": [0, 0, -10]
				},
				"left_hair_1": {
					"rotation": [0, 0, 10]
				},
				"right_hair_2": {
					"rotation": [0, 0, -10]
				},
				"left_hair_2": {
					"rotation": [0, 0, 10]
				},
				"right_hair_3": {
					"rotation": [0, 0, -10]
				},
				"left_hair_3": {
					"rotation": [0, 0, 10]
				}
			}
		},
		"animation.cute_strider.sit": {
			"loop": true,
			"animation_length": 1,
			"bones": {
				"body_base": {
					"rotation": [-10, 0, 0],
					"position": [0, -2.75, 0]
				},
				"right_leg": {
					"rotation": [-65, 20, 0],
					"position": [0, 0, -1.25]
				},
				"left_leg": {
					"rotation": [-65, -20, 0],
					"position": [0, 0, -1.25]
				},
				"right_hair_1": {
					"rotation": [0, 0, -10]
				},
				"left_hair_1": {
					"rotation": [0, 0, 10]
				},
				"right_hair_2": {
					"rotation": [0, 0, -10]
				},
				"left_hair_2": {
					"rotation": [0, 0, 10]
				},
				"right_hair_3": {
					"rotation": [0, 0, -10]
				},
				"left_hair_3": {
					"rotation": [0, 0, 10]
				}
			}
		}
	}
}