{
	"format_version": "1.8.0",
	"animations": {
		"animation.cute_vex.attack": {
			"loop": true,
			"animation_length": 0.44,
			"bones": {
				"right_arm": {
					"rotation": {
						"0.0": [-10, 0, 0],
						"0.36": [-65, 0, 0],
						"0.44": [-10, 0, 0]
					},
					"position": {
						"0.0": [0, 0, 0],
						"0.44": [0, 0, 0]
					}
				}
			}
		},
		"animation.cute_vex.move": {
			"loop": true,
			"animation_length": 1.44,
			"bones": {
				"body_base": {
					"rotation": {
						"0.0": [0, 0, 0],
						"0.72": [0, 0, 0],
						"1.44": [0, 0, 0]
					},
					"position": {
						"0.0": [0, 1, 0],
						"0.72": [0, 2, 0],
						"1.44": [0, 1, 0]
					}
				},
				"head": {
					"rotation": {
						"0.0": [-4, 0, 0],
						"0.72": [0, 0, 0],
						"1.44": [-4, 0, 0]
					},
					"position": {
						"0.0": [0, 0, 0],
						"0.72": [0, 0, 0],
						"1.44": [0, 0, 0]
					}
				},
				"right_arm": {
					"rotation": {
						"0.0": [-10, 0, 0],
						"0.72": [5, 0, 5],
						"1.44": [-10, 0, 0]
					},
					"position": {
						"0.0": [0, 0, 0],
						"1.44": [0, 0, 0]
					}
				},
				"left_arm": {
					"rotation": {
						"0.0": [-10, 0, 0],
						"0.72": [4, 0, -5],
						"1.44": [-10, 0, 0]
					},
					"position": {
						"0.0": [0, 0, 0],
						"1.44": [0, 0, 0]
					}
				},
				"legs": {
					"rotation": {
						"0.0": [10, 0, 0],
						"0.72": [-15, 0, 0],
						"1.44": [10, 0, 0]
					}
				},
				"right_wing": {
					"rotation": {
						"0.0": [15, 10, 5],
						"0.36": [15, -5, -10],
						"0.72": [15, 10, 5],
						"1.08": [15, -5, -10],
						"1.44": [15, 10, 5]
					},
					"position": {
						"0.0": [0, 0, 0],
						"0.72": [0, 0, 0],
						"1.44": [0, 0, 0]
					}
				},
				"left_wing": {
					"rotation": {
						"0.0": [15, -10, -5],
						"0.36": [15, 5, 10],
						"0.72": [15, -10, -5],
						"1.08": [15, 5, 10],
						"1.44": [15, -10, -5]
					},
					"position": {
						"0.0": [0, 0, 0],
						"0.72": [0, 0, 0],
						"1.44": [0, 0, 0]
					}
				}
			}
		},
		"animation.cute_vex.idle": {
			"loop": true,
			"animation_length": 7.2,
			"bones": {
				"body_base": {
					"rotation": {
						"0.0": [0, 0, 0],
						"0.72": [0, 0, 0],
						"1.44": [0, 0, 0],
						"2.16": [0, 0, 0],
						"2.88": [0, 0, 0],
						"3.6": [0, 0, 0],
						"4.32": [0, 0, 0],
						"5.04": [0, 0, 0],
						"5.76": [0, 0, 0],
						"6.48": [0, 0, 0],
						"7.2": [0, 0, 0]
					},
					"position": {
						"0.0": [0, 1, 0],
						"0.72": [0, 2, 0],
						"1.44": [0, 1, 0],
						"2.16": [0, 2, 0],
						"2.88": [0, 1, 0],
						"3.6": [0, 2, 0],
						"4.32": [0, 1, 0],
						"5.04": [0, 2, 0],
						"5.76": [0, 1, 0],
						"6.48": [0, 2, 0],
						"7.2": [0, 1, 0]
					}
				},
				"head": {
					"rotation": {
						"0.0": [-4, 0, 0],
						"0.72": [0, 0, 0],
						"0.84": [-0.44, 20, 0],
						"1.32": [-0.44, 20, 0],
						"1.44": [-4, 0, 0],
						"1.56": [-2.94, -15, 0],
						"2.04": [-2.94, -15, 0],
						"2.16": [0, 0, 0],
						"2.88": [-4, 0, 0],
						"3.6": [0, 0, 0],
						"4.32": [-4, 0, 0],
						"4.44": [14.56, 17.5, 0],
						"4.84": [14.56, 17.5, 0],
						"5.04": [0, 0, 0],
						"5.76": [-4, 0, 0],
						"6.48": [0, 0, 0],
						"7.2": [-4, 0, 0]
					}
				},
				"right_arm": {
					"rotation": {
						"0.0": [-10, 0, 0],
						"0.72": [5, 0, 5],
						"1.44": [-10, 0, 0],
						"2.16": [5, 0, 5],
						"2.88": [-10, 0, 0],
						"3.6": [5, 0, 5],
						"4.32": [-10, 0, 0],
						"4.44": [-15, -10, 28.33],
						"4.92": [-15, -10, 28.33],
						"5.04": [5, 0, 5],
						"5.76": [-10, 0, 0],
						"6.48": [5, 0, 5],
						"7.2": [-10, 0, 0]
					}
				},
				"left_arm": {
					"rotation": {
						"0.0": [-10, 0, 0],
						"0.72": [4, 0, -5],
						"1.44": [-10, 0, 0],
						"2.16": [4, 0, -5],
						"2.88": [-10, 0, 0],
						"3.6": [4, 0, -5],
						"4.32": [-10, 0, 0],
						"5.04": [4, 0, -5],
						"5.76": [-10, 0, 0],
						"6.48": [4, 0, -5],
						"7.2": [-10, 0, 0]
					},
					"position": {
						"0.0": [0, 0, 0],
						"1.44": [0, 0, 0],
						"2.88": [0, 0, 0],
						"4.32": [0, 0, 0],
						"5.76": [0, 0, 0],
						"7.2": [0, 0, 0]
					}
				},
				"legs": {
					"rotation": {
						"0.0": [10, 0, 0],
						"0.72": [-5, 0, 0],
						"1.44": [10, 0, 0],
						"2.16": [-5, 0, 0],
						"2.88": [10, 0, 0],
						"3.6": [-5, 0, 0],
						"4.32": [10, 0, 0],
						"5.04": [-5, 0, 0],
						"5.76": [10, 0, 0],
						"6.48": [-5, 0, 0],
						"7.2": [10, 0, 0]
					}
				},
				"right_wing": {
					"rotation": {
						"0.0": [15, 10, 5],
						"0.36": [10, 2, -5],
						"0.72": [15, 10, 5],
						"1.08": [10, 2, -5],
						"1.44": [15, 10, 5],
						"1.8": [10, 2, -5],
						"2.16": [15, 10, 5],
						"2.52": [10, 2, -5],
						"2.88": [15, 10, 5],
						"3.24": [10, 2, -5],
						"3.6": [15, 10, 5],
						"3.96": [10, 2, -5],
						"4.32": [15, 10, 5],
						"4.68": [10, 2, -5],
						"5.04": [15, 10, 5],
						"5.4": [10, 2, -5],
						"5.76": [15, 10, 5],
						"6.12": [10, 2, -5],
						"6.48": [15, 10, 5],
						"6.84": [10, 2, -5],
						"7.2": [15, 10, 5]
					},
					"position": {
						"0.0": [0, 0, 0],
						"0.72": [0, 0, 0],
						"1.44": [0, 0, 0],
						"2.16": [0, 0, 0],
						"2.88": [0, 0, 0],
						"3.6": [0, 0, 0],
						"4.32": [0, 0, 0],
						"5.04": [0, 0, 0],
						"5.76": [0, 0, 0],
						"6.48": [0, 0, 0],
						"7.2": [0, 0, 0]
					}
				},
				"left_wing": {
					"rotation": {
						"0.0": [15, -10, -5],
						"0.36": [10, -2, 5],
						"0.72": [15, -10, -5],
						"1.08": [10, -2, 5],
						"1.44": [15, -10, -5],
						"1.8": [10, -2, 5],
						"2.16": [15, -10, -5],
						"2.52": [10, -2, 5],
						"2.88": [15, -10, -5],
						"3.24": [10, -2, 5],
						"3.6": [15, -10, -5],
						"3.96": [10, -2, 5],
						"4.32": [15, -10, -5],
						"4.68": [10, -2, 5],
						"5.04": [15, -10, -5],
						"5.4": [10, -2, 5],
						"5.76": [15, -10, -5],
						"6.12": [10, -2, 5],
						"6.48": [15, -10, -5],
						"6.84": [10, -2, 5],
						"7.2": [15, -10, -5]
					},
					"position": {
						"0.0": [0, 0, 0],
						"0.72": [0, 0, 0],
						"1.44": [0, 0, 0],
						"2.16": [0, 0, 0],
						"2.88": [0, 0, 0],
						"3.6": [0, 0, 0],
						"4.32": [0, 0, 0],
						"5.04": [0, 0, 0],
						"5.76": [0, 0, 0],
						"6.48": [0, 0, 0],
						"7.2": [0, 0, 0]
					}
				}
			}
		},
		"animation.cute_vex.sit": {
			"loop": true,
			"animation_length": 1.44,
			"bones": {
				"body_base": {
					"rotation": {
						"0.0": [0, 0, 0],
						"0.72": [0, 0, 0],
						"1.44": [0, 0, 0]
					},
					"position": {
						"0.0": [0, 1, 0],
						"0.72": [0, 2, 0],
						"1.44": [0, 1, 0]
					}
				},
				"head": {
					"rotation": {
						"0.0": [-4, 0, 0],
						"0.72": [0, 0, 0],
						"1.44": [-4, 0, 0]
					},
					"position": {
						"0.0": [0, 0, 0],
						"0.72": [0, 0, 0],
						"1.44": [0, 0, 0]
					}
				},
				"right_arm": {
					"rotation": {
						"0.0": [-10, 0, 0],
						"0.72": [5, 0, 5],
						"1.44": [-10, 0, 0]
					},
					"position": {
						"0.0": [0, 0, 0],
						"1.44": [0, 0, 0]
					}
				},
				"left_arm": {
					"rotation": {
						"0.0": [-10, 0, 0],
						"0.72": [4, 0, -5],
						"1.44": [-10, 0, 0]
					},
					"position": {
						"0.0": [0, 0, 0],
						"1.44": [0, 0, 0]
					}
				},
				"legs": {
					"rotation": {
						"0.0": [10, 0, 0],
						"0.72": [-15, 0, 0],
						"1.44": [10, 0, 0]
					}
				},
				"right_wing": {
					"rotation": {
						"0.0": [15, 10, 5],
						"0.36": [15, -5, -10],
						"0.72": [15, 10, 5],
						"1.08": [15, -5, -10],
						"1.44": [15, 10, 5]
					},
					"position": {
						"0.0": [0, 0, 0],
						"0.72": [0, 0, 0],
						"1.44": [0, 0, 0]
					}
				},
				"left_wing": {
					"rotation": {
						"0.0": [15, -10, -5],
						"0.36": [15, 5, 10],
						"0.72": [15, -10, -5],
						"1.08": [15, 5, 10],
						"1.44": [15, -10, -5]
					},
					"position": {
						"0.0": [0, 0, 0],
						"0.72": [0, 0, 0],
						"1.44": [0, 0, 0]
					}
				}
			}
		}
	}
}