{
    "variants": {
        "facing=east": {
            "model": "heypixel:block/aquatic/miniature_soul_sand",
            "y": 90
        },
        "facing=south": {
            "model": "heypixel:block/aquatic/miniature_soul_sand",
            "y": 180
        },
        "facing=west": {
            "model": "heypixel:block/aquatic/miniature_soul_sand",
            "y": 270
        },
        "facing=north": {
            "model": "heypixel:block/aquatic/miniature_soul_sand"
        }
    }
}