{
    "variants": {
        "facing=east": {
            "model": "heypixel:block/aquatic/aquatic_television_off",
            "y": 90
        },
        "facing=south": {
            "model": "heypixel:block/aquatic/aquatic_television_off",
            "y": 180
        },
        "facing=west": {
            "model": "heypixel:block/aquatic/aquatic_television_off",
            "y": 270
        },
        "facing=north": {
            "model": "heypixel:block/aquatic/aquatic_television_off"
        }
    }
}