{
    "variants": {
        "facing=east": {
            "model": "heypixel:block/blacksmith/flag_red_white_hang",
            "y": 90
        },
        "facing=south": {
            "model": "heypixel:block/blacksmith/flag_red_white_hang",
            "y": 180
        },
        "facing=west": {
            "model": "heypixel:block/blacksmith/flag_red_white_hang",
            "y": 270
        },
        "facing=north": {
            "model": "heypixel:block/blacksmith/flag_red_white_hang"
        }
    }
}