{
    "variants": {
        "facing=east": {
            "model": "heypixel:block/classroom/decorate_book_pen",
            "y": 90
        },
        "facing=south": {
            "model": "heypixel:block/classroom/decorate_book_pen",
            "y": 180
        },
        "facing=west": {
            "model": "heypixel:block/classroom/decorate_book_pen",
            "y": 270
        },
        "facing=north": {
            "model": "heypixel:block/classroom/decorate_book_pen"
        }
    }
}