{
    "variants": {
        "facing=east": {
            "model": "heypixel:block/classroom/table_teacher",
            "y": 90
        },
        "facing=south": {
            "model": "heypixel:block/classroom/table_teacher",
            "y": 180
        },
        "facing=west": {
            "model": "heypixel:block/classroom/table_teacher",
            "y": 270
        },
        "facing=north": {
            "model": "heypixel:block/classroom/table_teacher"
        }
    }
}