{
  "format_version": "1.8.0",
  "animations": {
    "animation.duck.idle": {
      "loop": true,
      "animation_length": 1.5,
      "bones": {
        "body_pet": {
          "rotation": {
            "0.0": [
              0,
              0,
              0
            ],
            "0.5417": [
              1.88264,
              0,
              0
            ],
            "0.75": [
              2.5,
              0,
              0
            ],
            "1.2917": [
              0.61736,
              0,
              0
            ],
            "1.5": [
              0,
              0,
              0
            ]
          }
        },
        "head_pet": {
          "rotation": {
            "0.0": [
              1.95765,
              0,
              0
            ],
            "0.0417": [
              1.14855,
              0,
              0
            ],
            "0.125": [
              0.17572,
              0,
              0
            ],
            "0.1667": [
              -0.26733,
              0,
              0
            ],
            "0.25": [
              -1.07124,
              0,
              0
            ],
            "0.2917": [
              -1.43562,
              0,
              0
            ],
            "0.375": [
              -2.09359,
              0,
              0
            ],
            "0.4167": [
              -2.39028,
              0,
              0
            ],
            "0.5417": [
              -3.162,
              0,
              0
            ],
            "0.625": [
              -3.3666,
              0,
              0
            ],
            "0.75": [
              -2.4552,
              0,
              0
            ],
            "0.7917": [
              -1.3578,
              0,
              0
            ],
            "0.9167": [
              0.70802,
              0,
              0
            ],
            "1.0": [
              1.69839,
              0,
              0
            ],
            "1.0417": [
              2.09914,
              0,
              0
            ],
            "1.125": [
              2.74235,
              0,
              0
            ],
            "1.25": [
              3.39209,
              0,
              0
            ],
            "1.2917": [
              3.5433,
              0,
              0
            ],
            "1.375": [
              3.3015,
              0,
              0
            ],
            "1.4167": [
              2.9574,
              0,
              0
            ],
            "1.5": [
              1.95765,
              0,
              0
            ]
          },
          "position": {
            "0.0": [
              0,
              0.0729,
              0.02547
            ],
            "0.0417": [
              0,
              0.1053,
              0.03566
            ],
            "0.125": [
              0,
              0.1377,
              0.04585
            ],
            "0.1667": [
              0,
              0.14985,
              0.0484
            ],
            "0.25": [
              0,
              0.162,
              0.05095
            ],
            "0.2917": [
              0,
              0.162,
              0.0484
            ],
            "0.375": [
              0,
              0.14884,
              0.04076
            ],
            "0.4167": [
              0,
              0.13264,
              0.03248
            ],
            "0.5": [
              0,
              0.11163,
              0.02165
            ],
            "0.5417": [
              0,
              0.09062,
              0.01083
            ],
            "0.625": [
              0,
              0.06151,
              -0.00414
            ],
            "0.75": [
              0,
              0.00152,
              -0.03439
            ],
            "0.7917": [
              0,
              -0.05569,
              -0.06241
            ],
            "0.9167": [
              0,
              -0.09163,
              -0.07833
            ],
            "1.0": [
              0,
              -0.09442,
              -0.07738
            ],
            "1.125": [
              0,
              -0.0729,
              -0.05604
            ],
            "1.25": [
              0,
              -0.0162,
              -0.01528
            ],
            "1.2917": [
              0,
              0,
              0
            ],
            "1.375": [
              0,
              0,
              0
            ],
            "1.4167": [
              0,
              0.0162,
              0.00509
            ],
            "1.5": [
              0,
              0.0729,
              0.02547
            ]
          }
        },
        "wings_pet": {
          "rotation": {
            "0.0": [
              7.5,
              0,
              0
            ],
            "0.25": [
              6.68091,
              0,
              0
            ],
            "0.4167": [
              5.19703,
              0,
              0
            ],
            "0.5": [
              4.5,
              0,
              0
            ],
            "0.5417": [
              3.59347,
              0,
              0
            ],
            "0.7917": [
              -1.05152,
              0,
              0
            ],
            "0.875": [
              -2.01961,
              0,
              0
            ],
            "0.9167": [
              -2.71954,
              0,
              0
            ],
            "1.0": [
              -3,
              0,
              0
            ],
            "1.0417": [
              -2.48861,
              0,
              0
            ],
            "1.125": [
              -1.24877,
              0,
              0
            ],
            "1.1667": [
              0.40564,
              0,
              0
            ],
            "1.2917": [
              4.09436,
              0,
              0
            ],
            "1.375": [
              5.74877,
              0,
              0
            ],
            "1.4167": [
              6.98861,
              0,
              0
            ],
            "1.5": [
              7.5,
              0,
              0
            ]
          }
        },
        "wing_pet_left": {
          "rotation": {
            "0.0": [
              0,
              0,
              -9.23021
            ],
            "0.125": [
              0,
              0,
              -8.1282
            ],
            "0.25": [
              0,
              0,
              -7.31095
            ],
            "0.375": [
              0,
              0,
              -6.97443
            ],
            "0.5": [
              0,
              0,
              -9.09708
            ],
            "0.625": [
              0,
              0,
              -12.05548
            ],
            "0.75": [
              0,
              0,
              -14.50356
            ],
            "0.875": [
              0,
              0,
              -16.18984
            ],
            "1.0": [
              0,
              0,
              -17.35841
            ],
            "1.0417": [
              0,
              0,
              -17.40279
            ],
            "1.125": [
              0,
              0,
              -17.44716
            ],
            "1.25": [
              0,
              0,
              -15.24316
            ],
            "1.375": [
              0,
              0,
              -11.89277
            ],
            "1.5": [
              0,
              0,
              -9.23021
            ]
          },
          "position": {
            "0.0": [
              0,
              -0.2,
              0
            ],
            "1.5": [
              0,
              -0.2,
              0
            ]
          }
        },
        "wing_pet_right": {
          "rotation": {
            "0.0": [
              0,
              0,
              9.23021
            ],
            "0.125": [
              0,
              0,
              8.1282
            ],
            "0.25": [
              0,
              0,
              7.31095
            ],
            "0.375": [
              0,
              0,
              6.97443
            ],
            "0.5": [
              0,
              0,
              9.09708
            ],
            "0.625": [
              0,
              0,
              12.05548
            ],
            "0.75": [
              0,
              0,
              14.50356
            ],
            "0.875": [
              0,
              0,
              16.18984
            ],
            "1.0": [
              0,
              0,
              17.35841
            ],
            "1.0417": [
              0,
              0,
              17.40279
            ],
            "1.125": [
              0,
              0,
              17.44716
            ],
            "1.25": [
              0,
              0,
              15.24316
            ],
            "1.375": [
              0,
              0,
              11.89277
            ],
            "1.5": [
              0,
              0,
              9.23021
            ]
          },
          "position": {
            "0.0": [
              0,
              -0.2,
              0
            ],
            "1.5": [
              0,
              -0.2,
              0
            ]
          }
        },
        "leg_pet_left": {
          "rotation": {
            "0.0": [
              0,
              0,
              0
            ],
            "0.0417": [
              0.27,
              0,
              0
            ],
            "0.125": [
              0.66,
              0,
              0
            ],
            "0.1667": [
              1.13,
              0,
              0
            ],
            "0.25": [
              1.67,
              0,
              0
            ],
            "0.2917": [
              2.24,
              0,
              0
            ],
            "0.375": [
              2.81,
              0,
              0
            ],
            "0.4167": [
              3.37,
              0,
              0
            ],
            "0.5417": [
              3.89,
              0,
              0
            ],
            "0.625": [
              4.69,
              0,
              0
            ],
            "0.75": [
              5,
              0,
              0
            ],
            "0.7917": [
              4.92,
              0,
              0
            ],
            "0.9167": [
              4.34,
              0,
              0
            ],
            "1.0": [
              3.89,
              0,
              0
            ],
            "1.125": [
              2.81,
              0,
              0
            ],
            "1.25": [
              1.67,
              0,
              0
            ],
            "1.2917": [
              1.13,
              0,
              0
            ],
            "1.375": [
              0.66,
              0,
              0
            ],
            "1.4167": [
              0.27,
              0,
              0
            ],
            "1.5": [
              0,
              0,
              0
            ]
          },
          "position": {
            "0.0": [
              0,
              0,
              0
            ],
            "0.0417": [
              0,
              0.02,
              0
            ],
            "0.125": [
              0,
              0.04,
              0
            ],
            "0.1667": [
              0,
              0.07,
              0
            ],
            "0.25": [
              0,
              0.1,
              0
            ],
            "0.2917": [
              0,
              0.13,
              0
            ],
            "0.375": [
              0,
              0.17,
              0
            ],
            "0.4167": [
              0,
              0.2,
              0
            ],
            "0.5417": [
              0,
              0.23,
              0
            ],
            "0.625": [
              0,
              0.28,
              0
            ],
            "0.75": [
              0,
              0.3,
              0
            ],
            "0.7917": [
              0,
              0.3,
              0
            ],
            "0.9167": [
              0,
              0.26,
              0
            ],
            "1.0": [
              0,
              0.23,
              0
            ],
            "1.125": [
              0,
              0.17,
              0
            ],
            "1.25": [
              0,
              0.1,
              0
            ],
            "1.2917": [
              0,
              0.07,
              0
            ],
            "1.375": [
              0,
              0.04,
              0
            ],
            "1.4167": [
              0,
              0.02,
              0
            ],
            "1.5": [
              0,
              0,
              0
            ]
          }
        },
        "leg_pet_right": {
          "rotation": {
            "0.0": [
              0,
              0,
              0
            ],
            "0.0417": [
              0.07,
              0,
              0
            ],
            "0.1667": [
              0.73,
              0,
              0
            ],
            "0.2917": [
              1.84,
              0,
              0
            ],
            "0.4167": [
              2.97,
              0,
              0
            ],
            "0.5417": [
              4.29,
              0,
              0
            ],
            "0.625": [
              4.69,
              0,
              0
            ],
            "0.75": [
              5,
              0,
              0
            ],
            "0.7917": [
              4.92,
              0,
              0
            ],
            "0.9167": [
              4.34,
              0,
              0
            ],
            "1.125": [
              2.81,
              0,
              0
            ],
            "1.25": [
              1.17,
              0,
              0
            ],
            "1.375": [
              0.26,
              0,
              0
            ],
            "1.5": [
              0,
              0,
              0
            ]
          },
          "position": {
            "0.0": [
              0,
              0,
              0
            ],
            "0.0417": [
              0,
              0.02,
              0
            ],
            "0.125": [
              0,
              0.04,
              0
            ],
            "0.1667": [
              0,
              0.07,
              0
            ],
            "0.25": [
              0,
              0.1,
              0
            ],
            "0.2917": [
              0,
              0.13,
              0
            ],
            "0.375": [
              0,
              0.17,
              0
            ],
            "0.4167": [
              0,
              0.2,
              0
            ],
            "0.5417": [
              0,
              0.23,
              0
            ],
            "0.625": [
              0,
              0.28,
              0
            ],
            "0.75": [
              0,
              0.3,
              0
            ],
            "0.7917": [
              0,
              0.3,
              0
            ],
            "0.9167": [
              0,
              0.26,
              0
            ],
            "1.0": [
              0,
              0.23,
              0
            ],
            "1.125": [
              0,
              0.17,
              0
            ],
            "1.25": [
              0,
              0.1,
              0
            ],
            "1.2917": [
              0,
              0.07,
              0
            ],
            "1.375": [
              0,
              0.04,
              0
            ],
            "1.4167": [
              0,
              0.02,
              0
            ],
            "1.5": [
              0,
              0,
              0
            ]
          }
        }
      }
    },
    "animation.duck.idle_special": {
      "animation_length": 5,
      "bones": {
        "body_pet": {
          "rotation": {
            "0.0": [
              0,
              0,
              0
            ],
            "0.0833": [
              4.91,
              0,
              0
            ],
            "0.1667": [
              11.48,
              0,
              0
            ],
            "0.25": [
              15,
              0,
              0
            ],
            "0.3333": [
              12.41,
              0,
              0
            ],
            "0.4167": [
              6.76,
              0,
              0
            ],
            "0.5": [
              2.5,
              0,
              0
            ],
            "0.5833": [
              2.24,
              0,
              0
            ],
            "0.6667": [
              2.02,
              0,
              0
            ],
            "0.75": [
              1.83,
              0,
              0
            ],
            "0.8333": [
              1.66,
              0,
              0
            ],
            "0.9167": [
              1.53,
              0,
              0
            ],
            "1.0": [
              1.42,
              0,
              0
            ],
            "1.0833": [
              1.34,
              0,
              0
            ],
            "1.1667": [
              1.28,
              0,
              0
            ],
            "1.25": [
              1.24,
              0,
              0
            ],
            "1.3333": [
              1.23,
              0,
              0
            ],
            "1.4167": [
              1.24,
              0,
              0
            ],
            "1.5": [
              1.27,
              0,
              0
            ],
            "1.5833": [
              1.31,
              0,
              0
            ],
            "1.6667": [
              1.37,
              0,
              0
            ],
            "1.75": [
              1.45,
              0,
              0
            ],
            "1.8333": [
              1.54,
              0,
              0
            ],
            "1.9167": [
              1.65,
              0,
              0
            ],
            "2.0": [
              1.77,
              0,
              0
            ],
            "2.0833": [
              1.9,
              0,
              0
            ],
            "2.1667": [
              2.04,
              0,
              0
            ],
            "2.25": [
              2.18,
              0,
              0
            ],
            "2.3333": [
              2.34,
              0,
              0
            ],
            "2.4167": [
              2.5,
              0,
              0
            ],
            "2.5": [
              3.08,
              0,
              0
            ],
            "2.5833": [
              3.91,
              0,
              0
            ],
            "2.6667": [
              4.89,
              0,
              0
            ],
            "2.75": [
              5.97,
              0,
              0
            ],
            "2.8333": [
              7.07,
              0,
              0
            ],
            "2.9167": [
              8.11,
              0,
              0
            ],
            "3.0": [
              9.03,
              0,
              0
            ],
            "3.0833": [
              9.74,
              0,
              0
            ],
            "3.125": [
              10,
              0,
              0
            ],
            "3.1667": [
              10.6,
              0.08,
              -0.01
            ],
            "3.25": [
              10.9,
              0.36,
              -0.05
            ],
            "3.3333": [
              10,
              0,
              0
            ],
            "3.4167": [
              7.17,
              -1.86,
              0.25
            ],
            "3.5": [
              3.62,
              -4.2,
              0.56
            ],
            "3.5417": [
              2.47,
              -4.96,
              0.65
            ],
            "3.5833": [
              2.33,
              -5.06,
              0.67
            ],
            "3.6667": [
              2.13,
              -5.23,
              0.69
            ],
            "3.75": [
              2.02,
              -5.37,
              0.71
            ],
            "3.8333": [
              1.99,
              -5.47,
              0.72
            ],
            "3.9167": [
              2.03,
              -5.54,
              0.73
            ],
            "4.0": [
              2.11,
              -5.57,
              0.73
            ],
            "4.0833": [
              2.21,
              -5.57,
              0.73
            ],
            "4.1667": [
              2.32,
              -5.54,
              0.73
            ],
            "4.25": [
              2.42,
              -5.47,
              0.72
            ],
            "4.3333": [
              2.5,
              -5.37,
              0.7
            ],
            "4.4167": [
              2.54,
              -5.23,
              0.69
            ],
            "4.5": [
              2.51,
              -5.06,
              0.66
            ],
            "4.5417": [
              2.47,
              -4.96,
              0.65
            ],
            "4.5833": [
              2.33,
              -4.68,
              0.61
            ],
            "4.6667": [
              1.91,
              -3.83,
              0.5
            ],
            "4.75": [
              1.38,
              -2.76,
              0.36
            ],
            "4.8333": [
              0.82,
              -1.65,
              0.22
            ],
            "4.9167": [
              0.33,
              -0.67,
              0.09
            ],
            "5.0": [
              0,
              0,
              0
            ]
          },
          "position": {
            "0.0": [
              0,
              0,
              0
            ],
            "0.0833": [
              0,
              -0.01,
              0
            ],
            "0.1667": [
              0,
              -0.03,
              0
            ],
            "0.25": [
              0,
              -0.03,
              0
            ],
            "0.3333": [
              0,
              0,
              0
            ],
            "0.4167": [
              0,
              0.2,
              0
            ],
            "0.5": [
              0,
              0.4,
              0
            ],
            "0.5833": [
              0,
              0.41,
              0
            ],
            "0.6667": [
              0,
              0.42,
              0
            ],
            "0.75": [
              0,
              0.42,
              0
            ],
            "0.8333": [
              0,
              0.43,
              0
            ],
            "0.9167": [
              0,
              0.43,
              0
            ],
            "1.0": [
              0,
              0.44,
              0
            ],
            "1.0833": [
              0,
              0.44,
              0
            ],
            "1.1667": [
              0,
              0.45,
              0
            ],
            "1.25": [
              0,
              0.45,
              0
            ],
            "1.3333": [
              0,
              0.45,
              0
            ],
            "1.4167": [
              0,
              0.45,
              0
            ],
            "1.5": [
              0,
              0.45,
              0
            ],
            "1.5833": [
              0,
              0.45,
              0
            ],
            "1.6667": [
              0,
              0.45,
              0
            ],
            "1.75": [
              0,
              0.45,
              0
            ],
            "1.8333": [
              0,
              0.44,
              0
            ],
            "1.9167": [
              0,
              0.44,
              0
            ],
            "2.0": [
              0,
              0.43,
              0
            ],
            "2.0833": [
              0,
              0.43,
              0
            ],
            "2.1667": [
              0,
              0.42,
              0
            ],
            "2.25": [
              0,
              0.42,
              0
            ],
            "2.3333": [
              0,
              0.41,
              0
            ],
            "2.4167": [
              0,
              0.4,
              0
            ],
            "2.5": [
              0,
              0.39,
              0
            ],
            "2.5833": [
              0,
              0.38,
              0
            ],
            "2.6667": [
              0,
              0.38,
              0
            ],
            "2.75": [
              0,
              0.37,
              0
            ],
            "2.8333": [
              0,
              0.35,
              0
            ],
            "2.9167": [
              0,
              0.34,
              0
            ],
            "3.0": [
              0,
              0.33,
              0
            ],
            "3.0833": [
              0,
              0.32,
              0
            ],
            "3.1667": [
              0,
              0.3,
              0
            ],
            "3.25": [
              0,
              0.29,
              0
            ],
            "3.3333": [
              0,
              0.27,
              0
            ],
            "3.4167": [
              0,
              0.26,
              0
            ],
            "3.5": [
              0,
              0.24,
              0
            ],
            "3.5833": [
              0,
              0.22,
              0
            ],
            "3.6667": [
              0,
              0.21,
              0
            ],
            "3.75": [
              0,
              0.19,
              0
            ],
            "3.8333": [
              0,
              0.18,
              0
            ],
            "3.9167": [
              0,
              0.16,
              0
            ],
            "4.0": [
              0,
              0.14,
              0
            ],
            "4.0833": [
              0,
              0.13,
              0
            ],
            "4.1667": [
              0,
              0.11,
              0
            ],
            "4.25": [
              0,
              0.1,
              0
            ],
            "4.3333": [
              0,
              0.08,
              0
            ],
            "4.4167": [
              0,
              0.07,
              0
            ],
            "4.5": [
              0,
              0.06,
              0
            ],
            "4.5833": [
              0,
              0.05,
              0
            ],
            "4.6667": [
              0,
              0.03,
              0
            ],
            "4.75": [
              0,
              0.02,
              0
            ],
            "4.8333": [
              0,
              0.02,
              0
            ],
            "4.9167": [
              0,
              0.01,
              0
            ],
            "5.0": [
              0,
              0,
              0
            ]
          }
        },
        "head_pet": {
          "rotation": {
            "0.0": [
              1.95765,
              0,
              0
            ],
            "0.0833": [
              -14.17,
              0,
              0
            ],
            "0.125": [
              -17.5,
              0,
              0
            ],
            "0.1667": [
              -13.37,
              0.58,
              0.05
            ],
            "0.25": [
              2.85,
              1.75,
              0.16
            ],
            "0.2917": [
              7.5,
              0,
              0
            ],
            "0.3333": [
              7.28,
              -3.78,
              -0.35
            ],
            "0.4167": [
              1.22,
              -15.54,
              -1.45
            ],
            "0.5": [
              -4.49,
              -24.9,
              -2.33
            ],
            "0.5833": [
              -5.35,
              -27.15,
              -2.54
            ],
            "0.6667": [
              -5.09,
              -27.25,
              -2.55
            ],
            "0.75": [
              -4.57,
              -25.9,
              -2.43
            ],
            "0.7917": [
              -4.49,
              -24.9,
              -2.33
            ],
            "0.8333": [
              -4.62,
              -20.47,
              -1.9
            ],
            "0.9167": [
              -4.93,
              -9.96,
              -0.88
            ],
            "1.0": [
              -4.97,
              -8.58,
              -0.75
            ],
            "1.0833": [
              -5,
              -7.84,
              -0.67
            ],
            "1.1667": [
              -5,
              -7.93,
              -0.68
            ],
            "1.25": [
              -4.96,
              -9,
              -0.78
            ],
            "1.2917": [
              -4.93,
              -9.96,
              -0.88
            ],
            "1.3333": [
              -4.73,
              -15.86,
              -1.47
            ],
            "1.4167": [
              -4.24,
              -29.87,
              -2.88
            ],
            "1.5": [
              -4.22,
              -30.56,
              -2.94
            ],
            "1.5833": [
              -4.23,
              -31,
              -2.98
            ],
            "1.6667": [
              -4.25,
              -31.23,
              -2.98
            ],
            "1.75": [
              -4.29,
              -31.28,
              -2.97
            ],
            "1.8333": [
              -4.33,
              -31.2,
              -2.94
            ],
            "1.9167": [
              -4.37,
              -31.01,
              -2.91
            ],
            "2.0": [
              -4.4,
              -30.76,
              -2.87
            ],
            "2.0833": [
              -4.42,
              -30.48,
              -2.84
            ],
            "2.1667": [
              -4.41,
              -30.22,
              -2.82
            ],
            "2.25": [
              -4.39,
              -30,
              -2.81
            ],
            "2.3333": [
              -4.33,
              -29.87,
              -2.83
            ],
            "2.4167": [
              -4.24,
              -29.87,
              -2.88
            ],
            "2.5": [
              -3.99,
              -30.54,
              -3.14
            ],
            "2.5833": [
              -3.71,
              -31.78,
              -3.56
            ],
            "2.6667": [
              -3.33,
              -32.99,
              -4
            ],
            "2.75": [
              -2.78,
              -33.51,
              -4.34
            ],
            "2.8333": [
              -2.01,
              -32.71,
              -4.45
            ],
            "2.875": [
              -1.51,
              -31.62,
              -4.37
            ],
            "2.9167": [
              -0.92,
              -29.96,
              -4.19
            ],
            "3.0": [
              0.78,
              -24.62,
              -3.52
            ],
            "3.0833": [
              2.84,
              -17.7,
              -2.6
            ],
            "3.1667": [
              4.89,
              -10.51,
              -1.6
            ],
            "3.25": [
              6.55,
              -4.36,
              -0.72
            ],
            "3.3333": [
              7.45,
              -0.59,
              -0.13
            ],
            "3.375": [
              7.49,
              0,
              0
            ],
            "3.4167": [
              4.63,
              -6.52,
              -0.42
            ],
            "3.5": [
              -4.24,
              -29.87,
              -2.88
            ],
            "3.5833": [
              -4.65,
              -31.16,
              -3.21
            ],
            "3.6667": [
              -4.78,
              -31.83,
              -3.57
            ],
            "3.75": [
              -4.69,
              -32,
              -3.94
            ],
            "3.8333": [
              -4.43,
              -31.8,
              -4.31
            ],
            "3.9167": [
              -4.08,
              -31.35,
              -4.66
            ],
            "4.0": [
              -3.68,
              -30.78,
              -5
            ],
            "4.0833": [
              -3.29,
              -30.21,
              -5.3
            ],
            "4.1667": [
              -2.99,
              -29.78,
              -5.55
            ],
            "4.25": [
              -2.82,
              -29.59,
              -5.74
            ],
            "4.3333": [
              -2.8,
              -30.43,
              -6.11
            ],
            "4.4167": [
              -2.94,
              -31.65,
              -6.29
            ],
            "4.5": [
              -2.96,
              -31.14,
              -6.07
            ],
            "4.5417": [
              -2.82,
              -29.59,
              -5.74
            ],
            "4.5833": [
              -2.66,
              -27.9,
              -5.41
            ],
            "4.6667": [
              -2.18,
              -22.85,
              -4.43
            ],
            "4.75": [
              -1.57,
              -16.47,
              -3.2
            ],
            "4.8333": [
              -0.94,
              -9.83,
              -1.91
            ],
            "4.9167": [
              -0.38,
              -3.98,
              -0.77
            ],
            "5.0": [
              1.95765,
              0,
              0
            ]
          },
          "position": {
            "0.0": [
              0,
              0.0729,
              0.02547
            ],
            "0.0833": [
              0,
              0,
              0
            ],
            "0.125": [
              0,
              0,
              0
            ],
            "0.1667": [
              0,
              -0.03,
              0
            ],
            "0.25": [
              0,
              -0.08,
              -0.01
            ],
            "0.2917": [
              0,
              0,
              0
            ],
            "0.3333": [
              0,
              0.17,
              0.02
            ],
            "0.4167": [
              0,
              0.69,
              0.06
            ],
            "0.5": [
              0,
              1,
              0.1
            ],
            "2.75": [
              0,
              1,
              0.1
            ],
            "2.8333": [
              0,
              0.99,
              0.09
            ],
            "2.9167": [
              0,
              0.83,
              0.08
            ],
            "3.0": [
              0,
              0.63,
              0.06
            ],
            "3.0833": [
              0,
              0.43,
              0.04
            ],
            "3.1667": [
              0,
              0.24,
              0.02
            ],
            "3.25": [
              0,
              0.1,
              0.01
            ],
            "3.3333": [
              0,
              0.01,
              0
            ],
            "3.375": [
              0,
              0,
              0
            ],
            "3.4167": [
              0,
              0.24,
              0.02
            ],
            "3.5": [
              0,
              1,
              0.1
            ],
            "4.5833": [
              0,
              0.94,
              0.09
            ],
            "4.6667": [
              0,
              0.85,
              0.08
            ],
            "4.75": [
              0,
              0.61,
              0.06
            ],
            "4.8333": [
              0,
              0.37,
              0.03
            ],
            "4.9167": [
              0,
              0.15,
              0.01
            ],
            "5.0": [
              0,
              0.0729,
              0.02547
            ]
          }
        },
        "wing_pet_left": {
          "rotation": {
            "0.0": [
              0,
              0,
              -9.23021
            ],
            "0.0833": [
              0,
              0,
              1.32
            ],
            "0.1667": [
              0,
              0,
              1.76
            ],
            "0.2083": [
              0,
              0,
              0
            ],
            "0.25": [
              0,
              0,
              -9.18
            ],
            "0.3333": [
              0,
              0,
              -27.5
            ],
            "0.4167": [
              0,
              0,
              -8.05
            ],
            "0.4583": [
              0,
              0,
              0
            ],
            "0.5": [
              0,
              0,
              -2.88
            ],
            "0.5833": [
              0,
              0,
              -15
            ],
            "0.6667": [
              0,
              0,
              -6.94
            ],
            "0.7083": [
              0,
              0,
              -7.15796
            ],
            "0.75": [
              0,
              0,
              -7.36992
            ],
            "0.8333": [
              0,
              0,
              -7.77431
            ],
            "0.9167": [
              0,
              0,
              -8.15466
            ],
            "1.0": [
              0,
              0,
              -8.51106
            ],
            "1.0833": [
              0,
              0,
              -8.84496
            ],
            "1.1667": [
              0,
              0,
              -9.1577
            ],
            "1.25": [
              0,
              0,
              -9.44948
            ],
            "1.3333": [
              0,
              0,
              -9.7216
            ],
            "1.4167": [
              0,
              0,
              -9.97526
            ],
            "1.5": [
              0,
              0,
              -10.21074
            ],
            "1.5833": [
              0,
              0,
              -10.42922
            ],
            "1.6667": [
              0,
              0,
              -10.63175
            ],
            "1.75": [
              0,
              0,
              -10.81869
            ],
            "1.8333": [
              0,
              0,
              -10.93846
            ],
            "1.9167": [
              0,
              0,
              -11.0565
            ],
            "2.0": [
              0,
              0,
              -11.17255
            ],
            "2.0833": [
              0,
              0,
              -11.28676
            ],
            "2.1667": [
              0,
              0,
              -11.39931
            ],
            "2.25": [
              0,
              0,
              -11.50994
            ],
            "2.3333": [
              0,
              0,
              -11.6188
            ],
            "2.4167": [
              0,
              0,
              -11.72605
            ],
            "2.5": [
              0,
              0,
              -11.83145
            ],
            "2.5833": [
              0,
              0,
              -11.93515
            ],
            "2.6667": [
              0,
              0,
              -12.00889
            ],
            "2.75": [
              0,
              0,
              -12.07495
            ],
            "2.8333": [
              0,
              0,
              -12.13374
            ],
            "2.9167": [
              0,
              0,
              -12.18588
            ],
            "3.0": [
              0,
              0,
              -10.23196
            ],
            "3.0833": [
              0,
              0,
              -6.27235
            ],
            "3.1667": [
              0,
              0,
              -0.30759
            ],
            "3.25": [
              0,
              0,
              2.66182
            ],
            "3.3333": [
              0,
              0,
              3.63552
            ],
            "3.4167": [
              0,
              0,
              -5.38694
            ],
            "3.5": [
              0,
              0,
              -12.40597
            ],
            "3.5833": [
              0,
              0,
              -12.42191
            ],
            "3.6667": [
              0,
              0,
              -12.43512
            ],
            "3.75": [
              0,
              0,
              -12.44595
            ],
            "3.8333": [
              0,
              0,
              -12.46162
            ],
            "3.9167": [
              0,
              0,
              -12.46702
            ],
            "4.0": [
              0,
              0,
              -12.47114
            ],
            "4.0833": [
              0,
              0,
              -12.47418
            ],
            "4.1667": [
              0,
              0,
              -12.47637
            ],
            "4.25": [
              0,
              0,
              -12.47787
            ],
            "4.3333": [
              0,
              0,
              -12.47885
            ],
            "4.4167": [
              0,
              0,
              -12.47945
            ],
            "4.5": [
              0,
              0,
              -12.47977
            ],
            "4.5833": [
              0,
              0,
              -12.47993
            ],
            "4.6667": [
              0,
              0,
              -12.47999
            ],
            "4.75": [
              0,
              0,
              -12.48
            ],
            "4.8333": [
              0,
              0,
              -12.48
            ],
            "4.9167": [
              0,
              0,
              -12.48
            ],
            "5.0": [
              0,
              0,
              -9.23021
            ]
          },
          "position": {
            "0.0": [
              0,
              -0.2,
              0
            ],
            "5.0": [
              0,
              -0.2,
              0
            ]
          }
        },
        "wing_pet_right": {
          "rotation": {
            "0.0": [
              0,
              0,
              9.23021
            ],
            "0.0833": [
              0,
              0,
              -1.32
            ],
            "0.1667": [
              0,
              0,
              -1.76
            ],
            "0.2083": [
              0,
              0,
              0
            ],
            "0.25": [
              0,
              0,
              9.18
            ],
            "0.3333": [
              0,
              0,
              27.5
            ],
            "0.4167": [
              0,
              0,
              8.05
            ],
            "0.4583": [
              0,
              0,
              0
            ],
            "0.5": [
              0,
              0,
              2.88
            ],
            "0.5833": [
              0,
              0,
              15
            ],
            "0.6667": [
              0,
              0,
              6.94
            ],
            "0.7083": [
              0,
              0,
              7.15796
            ],
            "0.75": [
              0,
              0,
              7.36992
            ],
            "0.8333": [
              0,
              0,
              7.77431
            ],
            "0.9167": [
              0,
              0,
              8.15466
            ],
            "1.0": [
              0,
              0,
              8.51106
            ],
            "1.0833": [
              0,
              0,
              8.84496
            ],
            "1.1667": [
              0,
              0,
              9.1577
            ],
            "1.25": [
              0,
              0,
              9.44948
            ],
            "1.3333": [
              0,
              0,
              9.7216
            ],
            "1.4167": [
              0,
              0,
              9.97526
            ],
            "1.5": [
              0,
              0,
              10.21074
            ],
            "1.5833": [
              0,
              0,
              10.42922
            ],
            "1.6667": [
              0,
              0,
              10.63175
            ],
            "1.75": [
              0,
              0,
              10.81869
            ],
            "1.8333": [
              0,
              0,
              10.93846
            ],
            "1.9167": [
              0,
              0,
              11.0565
            ],
            "2.0": [
              0,
              0,
              11.17255
            ],
            "2.0833": [
              0,
              0,
              11.28676
            ],
            "2.1667": [
              0,
              0,
              11.39931
            ],
            "2.25": [
              0,
              0,
              11.50994
            ],
            "2.3333": [
              0,
              0,
              11.6188
            ],
            "2.4167": [
              0,
              0,
              11.72605
            ],
            "2.5": [
              0,
              0,
              11.83145
            ],
            "2.5833": [
              0,
              0,
              11.93515
            ],
            "2.6667": [
              0,
              0,
              12.00889
            ],
            "2.75": [
              0,
              0,
              12.07495
            ],
            "2.8333": [
              0,
              0,
              12.13374
            ],
            "2.9167": [
              0,
              0,
              12.18588
            ],
            "3.0": [
              0,
              0,
              10.23196
            ],
            "3.0833": [
              0,
              0,
              6.27235
            ],
            "3.1667": [
              0,
              0,
              0.30759
            ],
            "3.25": [
              0,
              0,
              -2.66182
            ],
            "3.3333": [
              0,
              0,
              -3.63552
            ],
            "3.4167": [
              0,
              0,
              5.38694
            ],
            "3.5": [
              0,
              0,
              12.40597
            ],
            "3.5833": [
              0,
              0,
              12.42191
            ],
            "3.6667": [
              0,
              0,
              12.43512
            ],
            "3.75": [
              0,
              0,
              12.44595
            ],
            "3.8333": [
              0,
              0,
              12.46162
            ],
            "3.9167": [
              0,
              0,
              12.46702
            ],
            "4.0": [
              0,
              0,
              12.47114
            ],
            "4.0833": [
              0,
              0,
              12.47418
            ],
            "4.1667": [
              0,
              0,
              12.47637
            ],
            "4.25": [
              0,
              0,
              12.47787
            ],
            "4.3333": [
              0,
              0,
              12.47885
            ],
            "4.4167": [
              0,
              0,
              12.47945
            ],
            "4.5": [
              0,
              0,
              12.47977
            ],
            "4.5833": [
              0,
              0,
              12.47993
            ],
            "4.6667": [
              0,
              0,
              12.47999
            ],
            "4.75": [
              0,
              0,
              12.48
            ],
            "4.8333": [
              0,
              0,
              12.48
            ],
            "4.9167": [
              0,
              0,
              12.48
            ],
            "5.0": [
              0,
              0,
              9.23021
            ]
          },
          "position": {
            "0.0": [
              0,
              -0.2,
              0
            ],
            "5.0": [
              0,
              -0.2,
              0
            ]
          }
        },
        "wings_pet": {
          "rotation": {
            "0.0": [
              7.5,
              0,
              0
            ],
            "5.0": [
              7.5,
              0,
              0
            ]
          }
        },
        "leg_pet_left": {
          "rotation": {
            "0.0": [
              0,
              0,
              0
            ],
            "5.0": [
              0,
              0,
              0
            ]
          },
          "position": {
            "0.0": [
              0,
              0,
              0
            ],
            "5.0": [
              0,
              0,
              0
            ]
          }
        },
        "leg_pet_right": {
          "rotation": {
            "0.0": [
              0,
              0,
              0
            ],
            "5.0": [
              0,
              0,
              0
            ]
          },
          "position": {
            "0.0": [
              0,
              0,
              0
            ],
            "5.0": [
              0,
              0,
              0
            ]
          }
        }
      }
    }
  },
  "triggers": [
    {
      "type": "IDLE",
      "target": "ALL",
      "name": "animation.duck.idle",
      "probability": 1,
      "priority": 1,
      "skips": 0,
      "loops": 0
    },
    {
      "type": "TICK",
      "target": "ALL",
      "name": "animation.duck.idle_special",
      "probability": 0.25,
      "priority": 2,
      "skips": 200,
      "loops": 1
    }
  ]
}