{
	"format_version": "1.8.0",
	"animations": {
		"animation.npc_oneblock.idle": {
			"loop": true,
			"animation_length": 3.04,
			"bones": {
				"player": {
					"position": [-0.9, -0.2, -0.8]
				},
				"player_body": {
					"rotation": {
						"0.0": [0, 0, 0],
						"0.04": [0, 5, 0],
						"0.2": [0, 0, 0],
						"0.24": [0, 0, 0],
						"0.28": [0, 5, 0],
						"0.44": [0, 0, 0],
						"0.48": [0, 0, 0],
						"0.52": [0, 5, 0],
						"0.68": [0, 0, 0],
						"0.72": [0, 0, 0],
						"0.76": [0, 5, 0],
						"0.92": [0, 0, 0],
						"1.08": [0, 0, 0],
						"1.12": [0, 5, 0],
						"1.28": [0, 0, 0],
						"1.32": [0, 0, 0],
						"1.36": [0, 0, 0],
						"1.52": [0, 0, 0],
						"1.56": [0, 0, 0],
						"1.6": [0, 5, 0],
						"1.76": [0, 0, 0],
						"1.8": [0, 0, 0],
						"1.84": [0, 5, 0],
						"2.0": [0, 0, 0],
						"2.12": [0, 0, 0],
						"2.16": [0, 5, 0],
						"2.32": [0, 0, 0],
						"2.36": [0, 0, 0],
						"2.4": [0, 5, 0],
						"2.56": [0, 0, 0],
						"2.6": [0, 0, 0],
						"2.64": [0, 5, 0],
						"2.8": [0, 0, 0],
						"2.84": [0, 0, 0],
						"2.88": [0, 5, 0],
						"3.04": [0, 0, 0]
					}
				},
				"player_head": {
					"rotation": {
						"0.0": [-12.5, 0, 0],
						"0.4": [-12.5, 7.5, 0],
						"1.0": [-12.5, 0, 0],
						"1.24": [-25, 10, 0],
						"1.96": [-12.5, 10, 0],
						"2.2": [-12.5, 0, 0],
						"2.8": [-15.83, -8.61, 0],
						"3.04": [-12.5, 0, 0]
					}
				},
				"player_leftArm": {
					"rotation": {
						"0.0": [0, 0, 0],
						"0.04": [15, -17.5, 0],
						"0.08": [15, -50, 15],
						"0.12": [15, -30, 15],
						"0.16": [7.5, 20, -2.5],
						"0.2": [7.5, 27.5, -2.5],
						"0.24": [0, 0, 0],
						"0.28": [15, -17.5, 0],
						"0.32": [15, -50, 15],
						"0.36": [15, -30, 15],
						"0.4": [7.5, 20, -2.5],
						"0.44": [7.5, 27.5, -2.5],
						"0.48": [0, 0, 0],
						"0.52": [15, -17.5, 0],
						"0.56": [15, -50, 15],
						"0.6": [15, -30, 15],
						"0.64": [7.5, 20, -2.5],
						"0.68": [7.5, 27.5, -2.5],
						"0.72": [0, 0, 0],
						"0.76": [15, -17.5, 0],
						"0.8": [15, -50, 15],
						"0.84": [15, -30, 15],
						"0.88": [7.5, 20, -2.5],
						"0.92": [7.5, 27.5, -2.5],
						"0.96": [-25, 10, 0],
						"1.0": [-25, 10, 0],
						"1.04": [0, 0, 0],
						"1.08": [15, -17.5, 0],
						"1.12": [15, -50, 15],
						"1.16": [15, -30, 15],
						"1.2": [7.5, 20, -2.5],
						"1.24": [7.5, 27.5, -2.5],
						"1.28": [0, 0, 0],
						"1.32": [15, -17.5, 0],
						"1.36": [15, -50, 15],
						"1.4": [15, -30, 15],
						"1.44": [7.5, 20, -2.5],
						"1.48": [7.5, 27.5, -2.5],
						"1.52": [0, 0, 0],
						"1.56": [15, -17.5, 0],
						"1.6": [15, -50, 15],
						"1.64": [15, -30, 15],
						"1.68": [7.5, 20, -2.5],
						"1.72": [7.5, 27.5, -2.5],
						"1.76": [0, 0, 0],
						"1.8": [15, -17.5, 0],
						"1.84": [15, -50, 15],
						"1.88": [15, -30, 15],
						"1.92": [7.5, 20, -2.5],
						"1.96": [7.5, 27.5, -2.5],
						"2.0": [-25, 10, 0],
						"2.04": [-25, 10, 0],
						"2.08": [0, 0, 0],
						"2.12": [15, -17.5, 0],
						"2.16": [15, -50, 15],
						"2.2": [15, -30, 15],
						"2.24": [7.5, 20, -2.5],
						"2.28": [7.5, 27.5, -2.5],
						"2.32": [0, 0, 0],
						"2.36": [15, -17.5, 0],
						"2.4": [15, -50, 15],
						"2.44": [15, -30, 15],
						"2.48": [7.5, 20, -2.5],
						"2.52": [7.5, 27.5, -2.5],
						"2.56": [0, 0, 0],
						"2.6": [15, -17.5, 0],
						"2.64": [15, -50, 15],
						"2.68": [15, -30, 15],
						"2.72": [7.5, 20, -2.5],
						"2.76": [7.5, 27.5, -2.5],
						"2.8": [0, 0, 0],
						"2.84": [15, -17.5, 0],
						"2.88": [15, -50, 15],
						"2.92": [15, -30, 15],
						"2.96": [7.5, 20, -2.5],
						"3.0": [7.5, 27.5, -2.5],
						"3.04": [-25, 10, 0]
					}
				},
				"player_rightArm": {
					"rotation": {
						"0.0": [0, 0, 0],
						"0.12": [0, 0, 5],
						"0.24": [0, 0, 0],
						"0.36": [0, 0, 5],
						"0.48": [0, 0, 0],
						"0.6": [0, 0, 5],
						"0.72": [0, 0, 0],
						"0.84": [0, 0, 5],
						"0.96": [0, 0, 0],
						"1.08": [0, 0, 0],
						"1.2": [0, 0, 5],
						"1.32": [0, 0, 0],
						"1.44": [0, 0, 5],
						"1.56": [0, 0, 0],
						"1.68": [0, 0, 5],
						"1.8": [0, 0, 0],
						"1.92": [0, 0, 5],
						"2.04": [0, 0, 0],
						"2.16": [0, 0, 2.5],
						"2.28": [0, 0, 0],
						"2.4": [0, 0, 5],
						"2.52": [0, 0, 0],
						"2.64": [0, 0, 5],
						"2.76": [0, 0, 0],
						"2.88": [0, 0, 5],
						"3.0": [0, 0, 0],
						"3.04": [0, 0, 0]
					},
					"position": [0, -1, 0]
				},
				"grass_block": {
					"scale": {
						"0.0": [1, 1, 1],
						"0.92": [1, 1, 1],
						"0.96": [0, 0, 0],
						"3.0": [0, 0, 0],
						"3.04": [1, 1, 1]
					}
				},
				"grass_block_particle_1": {
					"rotation": {
						"1.24": [0, 0, 0],
						"1.56": [0, -25, 0]
					},
					"position": {
						"0.92": [0, 6, 16],
						"1.08": {
							"pre": [-5, 13, 20],
							"post": [-5, 13, 20],
							"lerp_mode": "catmullrom"
						},
						"1.24": [-11, 9, 25],
						"1.56": {
							"pre": [-14, 9, 28],
							"post": [-14, 9, 28],
							"lerp_mode": "catmullrom"
						},
						"1.6": [-14, 9, 28]
					},
					"scale": {
						"0.92": [0.1, 0.1, 0.1],
						"1.56": [0, 0, 0]
					}
				},
				"grass_block_particle_2": {
					"rotation": {
						"1.24": [0, 125, 0],
						"1.6": [0, 72.5, 0]
					},
					"position": {
						"0.92": [0, 6, 16],
						"1.08": {
							"pre": [-1, 14, 14],
							"post": [-1, 14, 14],
							"lerp_mode": "catmullrom"
						},
						"1.24": [-5, 9, 5],
						"1.6": {
							"pre": [-6, 9, 2],
							"post": [-6, 9, 2],
							"lerp_mode": "catmullrom"
						},
						"1.64": [-6, 9, 2]
					},
					"scale": {
						"0.92": [0.1, 0.1, 0.1],
						"1.56": [0, 0, 0]
					}
				},
				"grass_block_particle_3": {
					"position": {
						"0.92": [0, 6, 16],
						"1.08": {
							"pre": [-1, 2, 11],
							"post": [-1, 2, 11],
							"lerp_mode": "catmullrom"
						},
						"1.24": [-14, -3, 14]
					},
					"scale": {
						"0.0": [0.1, 0.1, 0.1],
						"1.56": [0, 0, 0]
					}
				},
				"grass_block_particle_4": {
					"rotation": {
						"1.24": [0, 0, 0],
						"1.36": [0, -57.5, 0]
					},
					"position": {
						"0.92": [0, 6, 16],
						"1.08": {
							"pre": [4, 12, 12],
							"post": [4, 12, 12],
							"lerp_mode": "catmullrom"
						},
						"1.24": {
							"post": [10, 9, 5],
							"lerp_mode": "catmullrom"
						},
						"1.64": [13, 8.7, 2]
					},
					"scale": {
						"0.92": [0.1, 0.1, 0.1],
						"1.56": [0, 0, 0]
					}
				},
				"grass_block_particle_5": {
					"rotation": {
						"1.24": [0, 0, 0],
						"1.52": [0, -35, 0]
					},
					"position": {
						"0.92": [0, 6, 16],
						"1.08": {
							"pre": [1, 12, 20],
							"post": [1, 12, 20],
							"lerp_mode": "catmullrom"
						},
						"1.24": [4, 9, 27],
						"1.52": [6.43, 8.86, 33.14]
					},
					"scale": {
						"0.92": [0.1, 0.1, 0.1],
						"1.56": [0, 0, 0]
					}
				},
				"grass_block_particle_6": {
					"position": {
						"0.92": [0, 6, 16],
						"1.08": {
							"pre": [4, 10, 14],
							"post": [4, 10, 14],
							"lerp_mode": "catmullrom"
						},
						"1.36": {
							"post": [14, 5, 11],
							"lerp_mode": "catmullrom"
						}
					},
					"scale": {
						"0.92": [0.1, 0.1, 0.1],
						"1.56": [0, 0, 0]
					}
				},
				"grass_block_particle_7": {
					"position": {
						"0.92": [0, 6, 16],
						"1.08": {
							"pre": [-5, 8, 16],
							"post": [-5, 8, 16],
							"lerp_mode": "catmullrom"
						},
						"1.24": [-11, 7, 16]
					},
					"scale": {
						"0.0": [0.1, 0.1, 0.1],
						"1.56": [0, 0, 0]
					}
				},
				"grass_block_step_1": {
					"scale": {
						"0.0": [0, 0, 0],
						"0.04": [1, 1, 1],
						"0.92": [1, 1, 1],
						"0.96": [0, 0, 0]
					}
				},
				"grass_block_step_2": {
					"scale": {
						"0.08": [0, 0, 0],
						"0.12": [1, 1, 1],
						"0.92": [1, 1, 1],
						"0.96": [0, 0, 0]
					}
				},
				"grass_block_step_3": {
					"scale": {
						"0.16": [0, 0, 0],
						"0.2": [1, 1, 1],
						"0.92": [1, 1, 1],
						"0.96": [0, 0, 0]
					}
				},
				"grass_block_step_4": {
					"scale": {
						"0.24": [0, 0, 0],
						"0.28": [1, 1, 1],
						"0.92": [1, 1, 1],
						"0.96": [0, 0, 0]
					}
				},
				"grass_block_step_5": {
					"scale": {
						"0.32": [0, 0, 0],
						"0.36": [1, 1, 1],
						"0.92": [1, 1, 1],
						"0.96": [0, 0, 0]
					}
				},
				"grass_block_step_6": {
					"scale": {
						"0.4": [0, 0, 0],
						"0.44": [1, 1, 1],
						"0.92": [1, 1, 1],
						"0.96": [0, 0, 0]
					}
				},
				"grass_block_step_7": {
					"scale": {
						"0.48": [0, 0, 0],
						"0.52": [1, 1, 1],
						"0.92": [1, 1, 1],
						"0.96": [0, 0, 0]
					}
				},
				"grass_block_step_8": {
					"scale": {
						"0.64": [0, 0, 0],
						"0.68": [1, 1, 1],
						"0.92": [1, 1, 1],
						"0.96": [0, 0, 0]
					}
				},
				"grass_block_step_9": {
					"scale": {
						"0.76": [0, 0, 0],
						"0.8": [1, 1, 1],
						"0.92": [1, 1, 1],
						"0.96": [0, 0, 0]
					}
				},
				"grass_block_step_10": {
					"scale": {
						"0.84": [0, 0, 0],
						"0.88": [1, 1, 1],
						"0.92": [1, 1, 1],
						"0.96": [0, 0, 0]
					}
				},
				"stone_block": {
					"scale": {
						"0.92": [0, 0, 0],
						"0.96": [1, 1, 1],
						"1.96": [1, 1, 1],
						"2.0": [0, 0, 0]
					}
				},
				"stone_block_particle_1": {
					"rotation": {
						"2.24": [0, 0, 0],
						"2.56": [0, -25, 0]
					},
					"position": {
						"1.92": [0, 6, 16],
						"2.08": {
							"pre": [-5, 13, 20],
							"post": [-5, 13, 20],
							"lerp_mode": "catmullrom"
						},
						"2.24": [-11, 9, 25],
						"2.56": {
							"pre": [-14, 9, 28],
							"post": [-14, 9, 28],
							"lerp_mode": "catmullrom"
						},
						"2.6": [-14, 9, 28]
					},
					"scale": {
						"1.92": [0.1, 0.1, 0.1],
						"2.56": [0, 0, 0]
					}
				},
				"stone_block_particle_2": {
					"rotation": {
						"2.24": [0, 125, 0],
						"2.6": [0, 72.5, 0]
					},
					"position": {
						"1.92": [0, 6, 16],
						"2.08": {
							"pre": [-1, 14, 14],
							"post": [-1, 14, 14],
							"lerp_mode": "catmullrom"
						},
						"2.24": [-5, 9, 5],
						"2.6": {
							"pre": [-6, 9, 2],
							"post": [-6, 9, 2],
							"lerp_mode": "catmullrom"
						},
						"2.64": [-6, 9, 2]
					},
					"scale": {
						"1.92": [0.1, 0.1, 0.1],
						"2.56": [0, 0, 0]
					}
				},
				"stone_block_particle_3": {
					"position": {
						"1.92": [0, 6, 16],
						"2.08": {
							"pre": [-1, 2, 11],
							"post": [-1, 2, 11],
							"lerp_mode": "catmullrom"
						},
						"2.24": [-14, -3, 14]
					},
					"scale": {
						"0.0": [0.1, 0.1, 0.1],
						"2.56": [0, 0, 0]
					}
				},
				"stone_block_particle_4": {
					"rotation": {
						"2.24": [0, 0, 0],
						"2.36": [0, -57.5, 0]
					},
					"position": {
						"1.92": [0, 6, 16],
						"2.08": {
							"pre": [4, 12, 12],
							"post": [4, 12, 12],
							"lerp_mode": "catmullrom"
						},
						"2.24": {
							"post": [10, 9, 5],
							"lerp_mode": "catmullrom"
						},
						"2.64": [13, 8.7, 2]
					},
					"scale": {
						"1.92": [0.1, 0.1, 0.1],
						"2.56": [0, 0, 0]
					}
				},
				"stone_block_particle_5": {
					"rotation": {
						"2.24": [0, 0, 0],
						"2.52": [0, -35, 0]
					},
					"position": {
						"1.92": [0, 6, 16],
						"2.08": {
							"pre": [1, 12, 20],
							"post": [1, 12, 20],
							"lerp_mode": "catmullrom"
						},
						"2.24": [4, 9, 27],
						"2.52": [6.43, 8.86, 33.14]
					},
					"scale": {
						"1.92": [0.1, 0.1, 0.1],
						"2.56": [0, 0, 0]
					}
				},
				"stone_block_particle_6": {
					"position": {
						"1.92": [0, 6, 16],
						"2.08": {
							"pre": [4, 10, 14],
							"post": [4, 10, 14],
							"lerp_mode": "catmullrom"
						},
						"2.36": {
							"post": [14, 5, 11],
							"lerp_mode": "catmullrom"
						}
					},
					"scale": {
						"1.92": [0.1, 0.1, 0.1],
						"2.56": [0, 0, 0]
					}
				},
				"stone_block_particle_7": {
					"position": {
						"1.92": [0, 6, 16],
						"2.08": {
							"pre": [-5, 8, 16],
							"post": [-5, 8, 16],
							"lerp_mode": "catmullrom"
						},
						"2.24": [-11, 7, 16]
					},
					"scale": {
						"0.0": [0.1, 0.1, 0.1],
						"2.56": [0, 0, 0]
					}
				},
				"stone_block_step_1": {
					"scale": {
						"1.0": [0, 0, 0],
						"1.04": [1, 1, 1],
						"1.96": [1, 1, 1],
						"2.0": [0, 0, 0]
					}
				},
				"stone_block_step_2": {
					"scale": {
						"1.08": [0, 0, 0],
						"1.12": [1, 1, 1],
						"1.96": [1, 1, 1],
						"2.0": [0, 0, 0]
					}
				},
				"stone_block_step_3": {
					"scale": {
						"1.16": [0, 0, 0],
						"1.2": [1, 1, 1],
						"1.96": [1, 1, 1],
						"2.0": [0, 0, 0]
					}
				},
				"stone_block_step_4": {
					"scale": {
						"1.28": [0, 0, 0],
						"1.32": [1, 1, 1],
						"1.96": [1, 1, 1],
						"2.0": [0, 0, 0]
					}
				},
				"stone_block_step_5": {
					"scale": {
						"1.36": [0, 0, 0],
						"1.4": [1, 1, 1],
						"1.96": [1, 1, 1],
						"2.0": [0, 0, 0]
					}
				},
				"stone_block_step_6": {
					"scale": {
						"1.44": [0, 0, 0],
						"1.48": [1, 1, 1],
						"1.96": [1, 1, 1],
						"2.0": [0, 0, 0]
					}
				},
				"stone_block_step_7": {
					"scale": {
						"1.52": [0, 0, 0],
						"1.56": [1, 1, 1],
						"1.96": [1, 1, 1],
						"2.0": [0, 0, 0]
					}
				},
				"stone_block_step_8": {
					"scale": {
						"1.64": [0, 0, 0],
						"1.68": [1, 1, 1],
						"1.96": [1, 1, 1],
						"2.0": [0, 0, 0]
					}
				},
				"stone_block_step_9": {
					"scale": {
						"1.76": [0, 0, 0],
						"1.8": [1, 1, 1],
						"1.96": [1, 1, 1],
						"2.0": [0, 0, 0]
					}
				},
				"stone_block_step_10": {
					"scale": {
						"1.84": [0, 0, 0],
						"1.88": [1, 1, 1],
						"1.96": [1, 1, 1],
						"2.0": [0, 0, 0]
					}
				},
				"plank_block": {
					"scale": {
						"1.96": [0, 0, 0],
						"2.0": [1, 1, 1],
						"3.0": [1, 1, 1],
						"3.04": [0, 0, 0]
					}
				},
				"plank_block_step_1": {
					"scale": {
						"2.04": [0, 0, 0],
						"2.08": [1, 1, 1],
						"3.0": [1, 1, 1],
						"3.04": [0, 0, 0]
					}
				},
				"plank_block_step_2": {
					"scale": {
						"2.12": [0, 0, 0],
						"2.16": [1, 1, 1],
						"3.0": [1, 1, 1],
						"3.04": [0, 0, 0]
					}
				},
				"plank_block_step_3": {
					"scale": {
						"2.2": [0, 0, 0],
						"2.24": [1, 1, 1],
						"3.0": [1, 1, 1],
						"3.04": [0, 0, 0]
					}
				},
				"plank_block_step_4": {
					"scale": {
						"2.32": [0, 0, 0],
						"2.36": [1, 1, 1],
						"3.0": [1, 1, 1],
						"3.04": [0, 0, 0]
					}
				},
				"plank_block_step_5": {
					"scale": {
						"2.4": [0, 0, 0],
						"2.44": [1, 1, 1],
						"3.0": [1, 1, 1],
						"3.04": [0, 0, 0]
					}
				},
				"plank_block_step_6": {
					"scale": {
						"2.48": [0, 0, 0],
						"2.52": [1, 1, 1],
						"3.0": [1, 1, 1],
						"3.04": [0, 0, 0]
					}
				},
				"plank_block_step_7": {
					"scale": {
						"2.56": [0, 0, 0],
						"2.6": [1, 1, 1],
						"3.0": [1, 1, 1],
						"3.04": [0, 0, 0]
					}
				},
				"plank_block_step_8": {
					"scale": {
						"2.68": [0, 0, 0],
						"2.72": [1, 1, 1],
						"3.0": [1, 1, 1],
						"3.04": [0, 0, 0]
					}
				},
				"plank_block_step_9": {
					"scale": {
						"2.8": [0, 0, 0],
						"2.84": [1, 1, 1],
						"3.0": [1, 1, 1],
						"3.04": [0, 0, 0]
					}
				},
				"plank_block_step_10": {
					"scale": {
						"2.88": [0, 0, 0],
						"2.92": [1, 1, 1],
						"3.0": [1, 1, 1],
						"3.04": [0, 0, 0]
					}
				},
				"npc_oneblock_pickaxe2": {
					"scale": {
						"0.96": [0, 0, 0],
						"1.0": [1, 1, 1]
					}
				},
				"npc_oneblock_Pick": {
					"scale": {
						"0.96": [0, 0, 0],
						"1.0": [1, 1, 1],
						"1.96": [1, 1, 1],
						"2.0": [0, 0, 0]
					}
				},
				"npc_oneblock_Axe": {
					"scale": {
						"2.0": [0, 0, 0],
						"2.04": [1, 1, 1],
						"3.0": [1, 1, 1],
						"3.04": [0, 0, 0]
					}
				},
				"npc_oneblock": {
					"position": [0, -4, 1],
					"scale": 1.25
				},
				"plank_block_particle_1": {
					"rotation": {
						"0.2": [0, 0, 0],
						"0.52": [0, -25, 0]
					},
					"position": {
						"0.0": [0, 6, 16],
						"0.04": {
							"pre": [-5, 13, 20],
							"post": [-5, 13, 20],
							"lerp_mode": "catmullrom"
						},
						"0.2": [-11, 9, 25],
						"0.52": {
							"pre": [-14, 9, 28],
							"post": [-14, 9, 28],
							"lerp_mode": "catmullrom"
						},
						"2.96": [0, 6, 16]
					},
					"scale": {
						"0.0": [0.1, 0.1, 0.1],
						"0.52": [0, 0, 0],
						"0.56": [0, 0, 0],
						"2.96": {"pre": [0, 0, 0], "post": [0.1, 0.1, 0.1]}
					}
				},
				"plank_block_particle_2": {
					"rotation": {
						"0.2": [0, 125, 0],
						"0.52": [0, 72.5, 0]
					},
					"position": {
						"0.0": [0, 6, 16],
						"0.04": {
							"pre": [-1, 14, 14],
							"post": [-1, 14, 14],
							"lerp_mode": "catmullrom"
						},
						"0.2": [-5, 9, 5],
						"0.52": {
							"pre": [-6, 9, 2],
							"post": [-6, 9, 2],
							"lerp_mode": "catmullrom"
						},
						"2.96": [0, 6, 16]
					},
					"scale": {
						"0.0": [0.1, 0.1, 0.1],
						"0.52": [0, 0, 0],
						"0.56": [0, 0, 0],
						"2.96": {"pre": [0, 0, 0], "post": [0.1, 0.1, 0.1]}
					}
				},
				"plank_block_particle_3": {
					"position": {
						"0.0": [0, 6, 16],
						"0.04": {
							"pre": [-1, 2, 11],
							"post": [-1, 2, 11],
							"lerp_mode": "catmullrom"
						},
						"0.2": [-14, -3, 14],
						"2.96": [0, 6, 16]
					},
					"scale": {
						"0.0": [0.1, 0.1, 0.1],
						"0.52": [0, 0, 0],
						"0.56": [0, 0, 0]
					}
				},
				"plank_block_particle_4": {
					"rotation": {
						"0.2": [0, 0, 0],
						"0.32": [0, -57.5, 0]
					},
					"position": {
						"0.0": [0, 6, 16],
						"0.04": {
							"pre": [4, 12, 12],
							"post": [4, 12, 12],
							"lerp_mode": "catmullrom"
						},
						"0.2": {
							"post": [10, 9, 5],
							"lerp_mode": "catmullrom"
						},
						"0.52": [13, 8.7, 2],
						"2.96": [0, 6, 16]
					},
					"scale": {
						"0.0": [0.1, 0.1, 0.1],
						"0.52": [0, 0, 0],
						"0.56": [0, 0, 0],
						"2.96": {"pre": [0, 0, 0], "post": [0.1, 0.1, 0.1]}
					}
				},
				"plank_block_particle_5": {
					"rotation": {
						"0.2": [0, 0, 0],
						"0.48": [0, -35, 0]
					},
					"position": {
						"0.0": [0, 6, 16],
						"0.04": {
							"pre": [1, 12, 20],
							"post": [1, 12, 20],
							"lerp_mode": "catmullrom"
						},
						"0.2": [4, 9, 27],
						"0.48": [6.43, 8.86, 33.14],
						"2.96": [0, 6, 16]
					},
					"scale": {
						"0.0": [0.1, 0.1, 0.1],
						"0.52": [0, 0, 0],
						"0.56": [0, 0, 0],
						"2.96": {"pre": [0, 0, 0], "post": [0.1, 0.1, 0.1]}
					}
				},
				"plank_block_particle_6": {
					"position": {
						"0.04": {
							"pre": [4, 10, 14],
							"post": [4, 10, 14],
							"lerp_mode": "catmullrom"
						},
						"0.32": {
							"post": [14, 5, 11],
							"lerp_mode": "catmullrom"
						},
						"2.96": [0, 6, 16]
					},
					"scale": {
						"0.52": [0, 0, 0],
						"0.56": [0, 0, 0],
						"2.96": {"pre": [0, 0, 0], "post": [0.1, 0.1, 0.1]}
					}
				},
				"plank_block_particle_7": {
					"position": {
						"0.04": {
							"pre": [-5, 8, 16],
							"post": [-5, 8, 16],
							"lerp_mode": "catmullrom"
						},
						"0.2": [-11, 7, 16],
						"2.96": [0, 6, 16]
					},
					"scale": {
						"0.52": [0, 0, 0],
						"0.56": [0, 0, 0]
					}
				}
			}
		}
	}
}