{
	"format_version": "1.8.0",
	"animations": {
		"animation.custom_wings.idle": {
			"loop": true,
			"bones": {
				"lw": {
					"rotation": [7.5, "-22 + math.sin(query.anim_time * 163.0) * 20", "-25+ math.sin(query.anim_time * 163.0) * 15"],
					"position": [0.3, 1.5, "-0.5+(query.has_armor_slot(1) + 0.5 )"],
					"scale": 0.85
				},
				"lw2": {
					"rotation": [0, " math.cos(query.anim_time * -163.0) * -35", 20]
				},
				"lw3": {
					"rotation": [0, "10 + math.cos(query.anim_time * -163.0) * -25", -10]
				},
				"lw4": {
					"rotation": [0, " math.cos(query.anim_time * -163.0) * -25", 0]
				},
				"rw": {
					"rotation": [7.5, "22 + math.sin(query.anim_time * -163.0) * 20", "25+ math.sin(query.anim_time * -163.0) * 15"],
					"position": [-0.3, 1.5, "-0.5+(query.has_armor_slot(1) + 0.5 )"],
					"scale": 0.85
				},
				"rw2": {
					"rotation": [0, " math.cos(query.anim_time * 163.0) * 35", -20]
				},
				"rw3": {
					"rotation": [0, "-10 + math.cos(query.anim_time * 163.0) * 25", 10]
				},
				"rw4": {
					"rotation": [0, " math.cos(query.anim_time * 163.0) * 25", 0]
				}
			}
		}
	}
}