{
	"format_version": "1.8.0",
	"animations": {
		"animation.double_wings.idle": {
			"loop": true,
			"bones": {
				"lw_t1": {
					"rotation": [
						"25 + math.cos(150 + query.anim_time * -150.0) * 13",
						"-5 + math.sin(query.anim_time * -150.0) * 20",
						"-25 + math.sin(query.anim_time * -150.0) * 15"
					]
				},
				"lw_t2": {
					"rotation": [0, "15 + math.cos(query.anim_time * -150.0) * 38", 0]
				},
				"rw_t1": {
					"rotation": [
						"25 + math.cos(150 - query.anim_time * 150.0) * 13",
						"5 + math.sin(query.anim_time * 150.0) * 20",
						"25  + math.sin(query.anim_time * 150.0) * 15"
					]
				},
				"rw_t2": {
					"rotation": [0, "-15 + math.cos(query.anim_time * -150.0) * -38", 0]
				},
				"rw_b1": {
					"rotation": [
						"25 + math.cos(150 - query.anim_time * 150.0) * 13",
						"20 + math.sin(query.anim_time * 150.0) * 10",
						"15  + math.sin(query.anim_time * 150.0) * 15"
					],
					"position": [1.2, -1, -2]
				},
				"rw_b2": {
					"rotation": [0, "-30 + math.cos(query.anim_time * -150.0) * -38", 0],
					"position": [1.2, 0, 0]
				},
				"lw_b1": {
					"rotation": [
						"25 + math.cos(150 + query.anim_time * -150.0) * 13",
						"-20 + math.sin(query.anim_time * -150.0) * 15",
						"-15 + math.sin(query.anim_time * -150.0) * 15"
					],
					"position": [-1.2, -1, -2]
				},
				"lw_b2": {
					"rotation": [0, "30 + math.cos(query.anim_time * -150.0) * 38", 0],
					"position": [-1.2, 0, 0]
				},
				"left_wings": {
					"position": [1, -5, 2]
				},
				"rw": {
					"position": [-1, -5, 2]
				}
			}
		}
	}
}