{
	"format_version": "1.8.0",
	"animations": {
		"animation.dragon_wings.idle": {
			"loop": true,
			"bones": {
				"lwing": {
					"rotation": [
						"25 + math.cos(150 - query.anim_time * 350.0) * 13",
						"23 + math.sin(query.anim_time * 350.0) * 20",
						"20  + math.sin(query.anim_time * 350.0) * 15"
					],
					"position": [-1.5, 0, "(query.has_armor_slot(1) + 0.5 ) - 0.5"]
				},
				"lwing2": {
					"rotation": [0, 0, "-35 + math.cos(query.anim_time * -350.0) * -38"]
				},
				"rwing": {
					"rotation": [
						"25 + math.cos(150 + query.anim_time * -350.0) * 13",
						"-23 + math.sin(query.anim_time * -350.0) * 20",
						"-20 + math.sin(query.anim_time * -350.0) * 15"
					],
					"position": [1.5, 0, "(query.has_armor_slot(1) + 0.5 ) - 0.5"]
				},
				"rwing2": {
					"rotation": [0, 0, "35 + math.cos(query.anim_time * -350.0) * 38"]
				}
			}
		}
	}
}