{
    "variants": {
        "facing=north,type=single": {
            "model": "heypixel:block/another_furniture/shelf/jungle_full"
        },
        "facing=east,type=single": {
            "model": "heypixel:block/another_furniture/shelf/jungle_full",
            "y": 90
        },
        "facing=south,type=single": {
            "model": "heypixel:block/another_furniture/shelf/jungle_full",
            "y": 180
        },
        "facing=west,type=single": {
            "model": "heypixel:block/another_furniture/shelf/jungle_full",
            "y": 270
        },
        "facing=north,type=left": {
            "model": "heypixel:block/another_furniture/shelf/jungle_l"
        },
        "facing=east,type=left": {
            "model": "heypixel:block/another_furniture/shelf/jungle_l",
            "y": 90
        },
        "facing=south,type=left": {
            "model": "heypixel:block/another_furniture/shelf/jungle_l",
            "y": 180
        },
        "facing=west,type=left": {
            "model": "heypixel:block/another_furniture/shelf/jungle_l",
            "y": 270
        },
        "facing=north,type=middle": {
            "model": "heypixel:block/another_furniture/shelf/jungle_top"
        },
        "facing=east,type=middle": {
            "model": "heypixel:block/another_furniture/shelf/jungle_top",
            "y": 90
        },
        "facing=south,type=middle": {
            "model": "heypixel:block/another_furniture/shelf/jungle_top",
            "y": 180
        },
        "facing=west,type=middle": {
            "model": "heypixel:block/another_furniture/shelf/jungle_top",
            "y": 270
        },
        "facing=north,type=right": {
            "model": "heypixel:block/another_furniture/shelf/jungle_r"
        },
        "facing=east,type=right": {
            "model": "heypixel:block/another_furniture/shelf/jungle_r",
            "y": 90
        },
        "facing=south,type=right": {
            "model": "heypixel:block/another_furniture/shelf/jungle_r",
            "y": 180
        },
        "facing=west,type=right": {
            "model": "heypixel:block/another_furniture/shelf/jungle_r",
            "y": 270
        }
    }
}
