{
    "multipart": [
        {
            "when": {
                "facing": "north"
            },
            "apply": {
                "model": "heypixel:block/another_furniture/table/jungle_top"
            }
        },
        {
            "when": {
                "facing": "east"
            },
            "apply": {
                "model": "heypixel:block/another_furniture/table/jungle_top",
                "y": 90
            }
        },
        {
            "when": {
                "facing": "south"
            },
            "apply": {
                "model": "heypixel:block/another_furniture/table/jungle_top",
                "y": 180
            }
        },
        {
            "when": {
                "facing": "west"
            },
            "apply": {
                "model": "heypixel:block/another_furniture/table/jungle_top",
                "y": 270
            }
        },
        {
            "when": {
                "leg_1": "true"
            },
            "apply": {
                "model": "heypixel:block/another_furniture/table/jungle_leg",
                "uvlock": false
            }
        },
        {
            "when": {
                "leg_2": "true"
            },
            "apply": {
                "model": "heypixel:block/another_furniture/table/jungle_leg",
                "y": 90,
                "uvlock": false
            }
        },
        {
            "when": {
                "leg_3": "true"
            },
            "apply": {
                "model": "heypixel:block/another_furniture/table/jungle_leg",
                "y": 180,
                "uvlock": false
            }
        },
        {
            "when": {
                "leg_4": "true"
            },
            "apply": {
                "model": "heypixel:block/another_furniture/table/jungle_leg",
                "y": 270,
                "uvlock": false
            }
        }
    ]
}
