{
    "variants": {
        "facing=east": {
            "model": "heypixel:block/aquatic/sea_urchin_bean_bag",
            "y": 90
        },
        "facing=south": {
            "model": "heypixel:block/aquatic/sea_urchin_bean_bag",
            "y": 180
        },
        "facing=west": {
            "model": "heypixel:block/aquatic/sea_urchin_bean_bag",
            "y": 270
        },
        "facing=north": {
            "model": "heypixel:block/aquatic/sea_urchin_bean_bag"
        }
    }
}