{
  "variants": {
    "facing=east": { "model": "heypixel:block/rpg_village_pack/children/furniture_crate_open_potatoes_jungle", "y": 90 },
    "facing=south": { "model": "heypixel:block/rpg_village_pack/children/furniture_crate_open_potatoes_jungle", "y": 180 },
    "facing=west": { "model": "heypixel:block/rpg_village_pack/children/furniture_crate_open_potatoes_jungle", "y": 270 },
    "facing=north": { "model": "heypixel:block/rpg_village_pack/children/furniture_crate_open_potatoes_jungle" }
  }
}