{
	"format_version": "1.8.0",
	"animations": {
		"animation.npc_skywars.idle": {
			"loop": true,
			"animation_length": 4.375,
			"bones": {
				"root_A": {
					"rotation": {
						"0.0": [0, 10, 0],
						"0.9167": [0, 10, 0],
						"1.1667": [0, 0, 0],
						"1.875": [0, 0, 0],
						"2.2917": [0, 17.5, 0],
						"3.2083": [0, 17.5, 0],
						"3.5417": [0, 60, 0],
						"3.7083": [0, 60, 0],
						"4.375": [0, 370, 0]
					},
					"position": {
						"0.0": [0, -1, 0],
						"0.9167": [0, -1, 0],
						"1.1667": [0, -5, 0],
						"1.875": [0, -5, 0],
						"3.2083": [0, -5, 0],
						"3.5417": [0, -1, 0],
						"3.7083": [0, -1, 0],
						"3.875": [-1.93, 0, 3.67],
						"3.9583": {
							"pre": [-1.4, 0, 5],
							"post": [-1.4, 0, 5],
							"lerp_mode": "catmullrom"
						},
						"4.0833": {
							"post": [2, 0, 5],
							"lerp_mode": "catmullrom"
						},
						"4.2083": {
							"post": [4, 0, 2.5],
							"lerp_mode": "catmullrom"
						},
						"4.375": [0, -1, 0]
					}
				},
				"waist": {
					"rotation": {
						"0.0": [2.66692, 29.99241, 0.37665],
						"0.5": [2.60387, 27.49505, 0.24556],
						"0.5417": [0.16298, 27.49242, 0.36844],
						"0.9167": [0.16298, 27.49242, 0.36844],
						"1.1667": [-8.47692, 2.52546, -1.91672],
						"1.5833": [-8.50119, 4.99807, -2.28654],
						"1.6667": [-8.54166, 7.47048, -2.65916],
						"1.8333": [-8.54, 7.47, -2.66],
						"1.875": [-8.54, 7.47, -2.66],
						"2.2917": [0.95016, 34.79218, -4.81847],
						"2.7917": [1.01552, 39.79145, -4.7107],
						"2.8333": [1.05485, 42.29104, -4.65082],
						"3.2083": [1.05, 42.29, -4.65],
						"3.5417": [1.59, 38.19, -2.97],
						"4.0833": [12.19577, 33.57885, -1.08751],
						"4.375": [2.66692, 29.99241, 0.37665]
					}
				},
				"head": {
					"rotation": {
						"0.0": [-15.96253, -52.47417, 1.40344],
						"0.5": [-15.96253, -52.47417, 1.40344],
						"0.5417": [-18.46253, -52.47417, 1.40344],
						"0.9167": [-18.46253, -52.47417, 1.40344],
						"1.0833": [5.84674, -42.22453, -12.94598],
						"1.5833": [5.85, -42.22, -12.95],
						"1.625": [3.35, -42.22, -12.95],
						"1.875": [3.35, -42.22, -12.95],
						"2.2917": [4.89849, -7.14664, -12.07306],
						"2.7917": [-0.10151, -7.14664, -12.07306],
						"2.8333": [-2.60151, -7.14664, -12.07306],
						"3.2083": [-2.6, -7.15, -12.07],
						"3.5417": [9.80776, -39.85494, -7.05685],
						"4.375": [-15.96253, -52.47417, 1.40344]
					}
				},
				"leftArm": {
					"rotation": {
						"0.0": [-85.26971, -54.10331, -11.08618],
						"0.5": [-85.26971, -54.10331, -11.08618],
						"0.5417": [-79.63902, -56.56503, -11.85281],
						"0.9167": [-79.63902, -56.56503, -11.85281],
						"1.1667": [-78.80414, -46.23567, -12.15689],
						"1.5833": [-76.92403, -53.57377, -14.60708],
						"1.625": [-76.09754, -56.00489, -15.61841],
						"1.875": [-76.09754, -56.00489, -15.61841],
						"2.2917": [-76.87955, -4.89061, -47.68215],
						"2.7917": [-76.73323, -9.75819, -48.83023],
						"2.8333": [-76.61822, -12.19271, -49.41692],
						"3.2083": [-76.62, -12.19, -49.42],
						"3.5417": [-10.96476, -16.69957, -21.78686],
						"3.7083": [-9.44586, -17.58608, -26.93664],
						"4.375": [-85.26971, -54.10331, -11.08618]
					},
					"position": {
						"0.5": [0, 0, 0],
						"0.9167": [0, 0, 0],
						"1.875": [0, 0, 0],
						"2.2917": [0, 0, -2],
						"3.2083": [0, 0, -2],
						"3.5417": [0, 0, -0.33],
						"3.7083": [0, 0, -0.33],
						"4.375": [0, 0, 0]
					}
				},
				"bow": {
					"position": [-2, 0, 1]
				},
				"bow_standby": {
					"scale": {
						"0.0": [1, 1, 1],
						"0.1667": {"pre": [1, 1, 1], "post": [0, 0, 0]},
						"0.5833": {"pre": [0, 0, 0], "post": [1, 1, 1]},
						"1.0833": [1, 1, 1],
						"1.25": {"pre": [1, 1, 1], "post": [0, 0, 0]},
						"1.6667": {"pre": [0, 0, 0], "post": [1, 1, 1]},
						"2.2917": [1, 1, 1],
						"2.4583": {"pre": [1, 1, 1], "post": [0, 0, 0]},
						"2.875": {"pre": [0, 0, 0], "post": [1, 1, 1]}
					}
				},
				"bow_pulling_0": {
					"scale": {
						"0.0": [0, 0, 0],
						"0.1667": {"pre": [0, 0, 0], "post": [1, 1, 1]},
						"0.3333": {"pre": [1, 1, 1], "post": [0, 0, 0]},
						"1.0833": [0, 0, 0],
						"1.25": {"pre": [0, 0, 0], "post": [1, 1, 1]},
						"1.4167": {"pre": [1, 1, 1], "post": [0, 0, 0]},
						"2.2917": [0, 0, 0],
						"2.4583": {"pre": [0, 0, 0], "post": [1, 1, 1]},
						"2.625": {"pre": [1, 1, 1], "post": [0, 0, 0]}
					}
				},
				"bow_pulling_1": {
					"scale": {
						"0.0": [0, 0, 0],
						"0.3333": {"pre": [0, 0, 0], "post": [1, 1, 1]},
						"0.5": {"pre": [1, 1, 1], "post": [0, 0, 0]},
						"1.0833": [0, 0, 0],
						"1.4167": {"pre": [0, 0, 0], "post": [1, 1, 1]},
						"1.5833": {"pre": [1, 1, 1], "post": [0, 0, 0]},
						"2.2917": [0, 0, 0],
						"2.625": {"pre": [0, 0, 0], "post": [1, 1, 1]},
						"2.7917": {"pre": [1, 1, 1], "post": [0, 0, 0]}
					}
				},
				"bow_pulling_2": {
					"scale": {
						"0.0": [0, 0, 0],
						"0.5": {"pre": [0, 0, 0], "post": [1, 1, 1]},
						"0.5833": {"pre": [1, 1, 1], "post": [0, 0, 0]},
						"1.0833": [0, 0, 0],
						"1.5833": {"pre": [0, 0, 0], "post": [1, 1, 1]},
						"1.6667": {"pre": [1, 1, 1], "post": [0, 0, 0]},
						"2.2917": [0, 0, 0],
						"2.7917": {"pre": [0, 0, 0], "post": [1, 1, 1]},
						"2.875": {"pre": [1, 1, 1], "post": [0, 0, 0]}
					}
				},
				"arrow": {
					"rotation": {
						"0.5833": [0.04112, 0.22895, -2.48907],
						"1.6667": [0.04112, 0.22895, -2.48907],
						"2.875": [0.04112, 0.22895, -2.48907]
					},
					"position": {
						"0.0": [-2.75, 0, 1],
						"0.5833": [-2.75, -7, 1],
						"0.875": [-2.75, -49, 1],
						"1.0833": [-2.75, 0, 1],
						"1.6667": [-2.75, -7, 1],
						"1.7917": [-2.75, -49, 1],
						"2.2917": [-2.75, 0, 1],
						"2.875": [-2.75, -7, 1],
						"3.1667": [-2.75, -49, 1]
					},
					"scale": {
						"0.0": [0, 0, 0],
						"0.5833": {"pre": [0, 0, 0], "post": [1, 1, 1]},
						"0.875": {"pre": [1, 1, 1], "post": [0, 0, 0]},
						"1.0833": [0, 0, 0],
						"1.6667": {"pre": [0, 0, 0], "post": [1, 1, 1]},
						"1.75": {"pre": [1, 1, 1], "post": [0, 0, 0]},
						"2.2917": [0, 0, 0],
						"2.875": {"pre": [0, 0, 0], "post": [1, 1, 1]},
						"2.9583": {"pre": [1, 1, 1], "post": [0, 0, 0]}
					}
				},
				"rightArm": {
					"rotation": {
						"0.0": [-53.31252, -79.08375, -45.5608],
						"0.5": [-59.46757, -74.78179, -34.11917],
						"0.5417": [-66.67925, -70.31443, -26.56623],
						"0.5833": [-54.46757, -74.78179, -34.11917],
						"0.9167": [-54.46757, -74.78179, -34.11917],
						"1.1667": [-73.98403, -69.41913, -13.91688],
						"1.5833": [-91.03046, -77.24627, -1.92055],
						"1.625": [-90.65677, -69.75077, -2.30843],
						"1.6667": [-88.24564, -72.25058, -2.21446],
						"1.875": [-88.25, -72.25, -2.21],
						"2.2917": [-65.95189, -34.26062, -34.9494],
						"2.7917": [-62.83104, -26.50939, -56.57636],
						"2.8333": [-63.84357, -22.04033, -54.11564],
						"2.875": [-58.88428, -22.09466, -54.01363],
						"3.2083": [-58.88, -22.09, -54.01],
						"3.5417": [-23.90172, -11.74686, 8.90114],
						"3.7083": [-23.90172, -11.74686, 8.90114],
						"4.375": [-53.31252, -79.08375, -45.5608]
					},
					"position": {
						"0.0": [2.87927, 0.04028, -3.68317],
						"0.5": [-0.68678, 0.1866, -1.94173],
						"0.5417": [-0.89763, 0.20993, -1.80944],
						"0.5833": [-0.68678, 0.1866, -1.94173],
						"0.9167": [-0.69, 0.19, -1.94],
						"1.1667": [2.72163, -0.09228, -3.07186],
						"1.5833": [0.72, -0.09, -3.07],
						"1.625": [0.22, -0.09, -3.07],
						"1.6667": [0.47, -0.09, -3.07],
						"1.875": [0.47, -0.09, -3.07],
						"2.2917": [0.47, -1.09, -3.07],
						"2.7917": [-0.28, -1.09, 0.18],
						"2.8333": [-0.78, -1.09, 0.68],
						"2.875": [-0.53, -1.09, 0.43],
						"3.2083": [-0.53, -1.09, 0.43],
						"4.375": [2.87927, 0.04028, -3.68317]
					},
					"scale": {
						"0.0": [1, 1, 1],
						"0.5": [1.05, 1.05, 1.05],
						"0.5417": [1, 1, 1],
						"1.1667": [1, 1, 1],
						"1.5833": [1.05, 1.05, 1.05],
						"1.625": [1, 1, 1],
						"2.2917": [1, 1, 1],
						"2.7917": [1.05, 1.05, 1.05],
						"2.8333": [1, 1, 1],
						"3.2083": [1, 1, 1],
						"4.375": [1, 1, 1]
					}
				},
				"leftLeg": {
					"rotation": {
						"0.0": [-27.22928, -0.49023, -2.78649],
						"0.9167": [-27.22928, -0.49023, -2.78649],
						"1.1667": [-72.28, -9.66, -2.61],
						"1.875": [-72.28, -9.66, -2.61],
						"2.2917": [-74.97343, -4.89438, -1.08436],
						"3.2083": [-74.97, -4.89, -1.08],
						"3.5417": [-27.22928, -0.49023, -2.78649],
						"3.7083": [-27.22928, -0.49023, -2.78649],
						"4.0417": [-26.82843, -17.71185, -9.80794],
						"4.375": [-27.22928, -0.49023, -2.78649]
					},
					"position": {
						"0.0": [0.12263, 0, -1.24397],
						"0.9167": [0.12263, 0, -1.24397],
						"1.1667": [0, 0, 0],
						"3.2083": [0, 0, 0],
						"3.5417": [0.12263, 0, -1.24397],
						"3.7083": [0.12263, 0, -1.24397],
						"4.375": [0.12263, 0, -1.24397]
					}
				},
				"leftLeg2": {
					"rotation": {
						"0.0": [35, 0, 0],
						"0.9167": [35, 0, 0],
						"1.1667": [75, 0, 0],
						"3.2083": [75, 0, 0],
						"3.5417": [35, 0, 0],
						"3.7083": [35, 0, 0],
						"4.0417": [52.5, 0, 0],
						"4.375": [35, 0, 0]
					},
					"position": {
						"0.0": [-0.02247, -0.13141, -0.22748],
						"0.9167": [-0.02247, -0.13141, -0.22748],
						"1.1667": [0, 0.25, -0.55],
						"3.2083": [0, 0.25, -0.55],
						"3.5417": [-0.02247, -0.13141, -0.22748],
						"3.7083": [-0.02247, -0.13141, -0.22748],
						"4.375": [-0.02247, -0.13141, -0.22748]
					}
				},
				"rightLeg": {
					"rotation": {
						"0.0": [-16.14997, 56.60937, 10.84549],
						"0.9167": [-16.14997, 56.60937, 10.84549],
						"1.1667": [-10, 0, 0],
						"1.875": [-10, 0, 0],
						"2.2917": [-4.35549, 16.64432, 10.17619],
						"3.2083": [-4.36, 16.64, 10.18],
						"3.5417": [-16.14997, 56.60937, 10.84549],
						"3.7083": [-16.14997, 56.60937, 10.84549],
						"4.0833": [-14.59603, 55.30073, 4.32989],
						"4.375": [-16.14997, 56.60937, 10.84549]
					},
					"position": {
						"0.0": [-0.12263, 0, 1.24397],
						"0.9167": [-0.12263, 0, 1.24397],
						"1.1667": [0, 0, 0],
						"3.2083": [0, 0, 0],
						"3.5417": [-0.12263, 0, 1.24397],
						"3.7083": [-0.12263, 0, 1.24397],
						"4.0833": [-0.12, -0.5, 1.24],
						"4.375": [-0.12263, 0, 1.24397]
					}
				},
				"rightLeg2": {
					"rotation": {
						"0.0": [32.5, 0, 0],
						"0.9167": [32.5, 0, 0],
						"1.1667": [85, 0, 0],
						"3.2083": [85, 0, 0],
						"3.5417": [32.5, 0, 0],
						"3.7083": [32.5, 0, 0],
						"4.0833": [16.67, 0, 0],
						"4.375": [32.5, 0, 0]
					},
					"position": {
						"1.1667": [0, 0, 0],
						"3.2083": [0, 0, 0]
					}
				},
				"root_B": {
					"rotation": {
						"1.75": [0, 0, 0],
						"2.5833": [-165, 0, 0]
					},
					"position": {
						"1.125": [4, 0, -7],
						"1.375": [2, -3, 2],
						"1.75": [-3, -3, 11],
						"1.9167": {
							"pre": [-3, 2, 3],
							"post": [-3, 2, 3],
							"lerp_mode": "catmullrom"
						},
						"2.0833": {
							"post": [-3, 1, -6],
							"lerp_mode": "catmullrom"
						},
						"2.3333": {
							"post": [-3, -4.55, -11.01],
							"lerp_mode": "catmullrom"
						},
						"2.6667": [-3, -26, -19]
					},
					"scale": {
						"1.125": [0, 0, 0],
						"1.2083": {"pre": [0, 0, 0], "post": [1, 1, 1]}
					}
				},
				"waist2": {
					"scale": {
						"2.5417": [1, 1, 1],
						"2.5833": {"pre": [1, 1, 1], "post": [0, 0, 0]}
					}
				},
				"head2": {
					"scale": {
						"2.4583": [1, 1, 1],
						"2.5": {"pre": [1, 1, 1], "post": [0, 0, 0]}
					}
				},
				"leftArm3": {
					"rotation": {
						"1.2083": [-22.32648, -2.86313, -6.93488],
						"1.4583": [27.67352, -2.86313, -6.93488],
						"1.75": [-17.32648, -2.86313, -6.93488],
						"1.875": [-31.96443, -3.32853, -7.75022],
						"2.0833": [-37.19434, -4.10421, -9.10913],
						"2.375": [-34.69434, -4.10421, -9.10913]
					}
				},
				"rightArm3": {
					"rotation": {
						"1.2083": [11.57518, -4.75113, 22.01816],
						"1.4583": [-18.42482, -4.75113, 22.01816],
						"1.625": [-28.78997, -1.4469, 28.76189],
						"1.75": [-71.53683, 24.97685, 5.38726],
						"2.0833": [-43.1217, 11.55558, 28.25991],
						"2.375": [-38.1217, 11.55558, 28.25991]
					}
				},
				"arrow2": {
					"scale": {
						"1.7083": [0, 0, 0],
						"1.75": {"pre": [0, 0, 0], "post": [1, 1, 1]}
					}
				},
				"leftLeg4": {
					"rotation": {
						"1.2083": [30, 0, 0],
						"1.4583": [-12.5, 0, 0],
						"1.75": [35, 0, 0],
						"1.9167": [17.5, 0, 0],
						"2.0833": [-10, 0, 0],
						"2.375": [-12.2127, -2.68507, -12.2127]
					},
					"scale": {
						"2.625": [1, 1, 1],
						"2.6667": {"pre": [1, 1, 1], "post": [0, 0, 0]}
					}
				},
				"rightLeg4": {
					"rotation": {
						"1.2083": [-27.5, 0, 0],
						"1.4583": [37.5, 0, 0],
						"1.75": [-25, 0, 0],
						"2.0833": [-25, 0, 0],
						"2.375": [-25, 0, 0]
					},
					"scale": {
						"2.625": [1, 1, 1],
						"2.6667": {"pre": [1, 1, 1], "post": [0, 0, 0]}
					}
				},
				"root_C": {
					"rotation": {
						"2.9583": [0, 0, 0],
						"3.875": [-157.5, 0, 0]
					},
					"position": {
						"2.4583": [0, 0, 0],
						"2.625": [5.33, -4, 0],
						"2.9583": [16, -5, 0],
						"3.125": {
							"pre": [9, 0, 0],
							"post": [9, 0, 0],
							"lerp_mode": "catmullrom"
						},
						"3.2917": {
							"post": [0, -4, 0],
							"lerp_mode": "catmullrom"
						},
						"3.875": {
							"post": [-11, -27, 0],
							"lerp_mode": "catmullrom"
						}
					},
					"scale": {
						"2.4167": [0, 0, 0],
						"2.4583": {"pre": [0, 0, 0], "post": [1, 1, 1]}
					}
				},
				"waist3": {
					"scale": {
						"3.75": [1, 1, 1],
						"3.7917": {"pre": [1, 1, 1], "post": [0, 0, 0]}
					}
				},
				"head3": {
					"scale": {
						"3.7083": [1, 1, 1],
						"3.75": {"pre": [1, 1, 1], "post": [0, 0, 0]}
					}
				},
				"leftArm4": {
					"rotation": {
						"2.625": [-30, 0, 0],
						"2.8333": [19.44093, 5.73576, -11.12501],
						"2.9583": [1.94093, 5.73576, -11.12501],
						"3.0417": [-33.3786, 2.99534, -15.31971],
						"3.4583": [-43.38384, 0.95683, -16.84695],
						"3.9167": [-27.5439, 9.49439, -7.66987]
					}
				},
				"rightArm4": {
					"rotation": {
						"2.625": [27.5, 0, 0],
						"2.8333": [-40.28381, 14.24, 17.60455],
						"2.9583": [-67.78381, 14.24, 17.60455],
						"3.2083": [-46.4404, 6.47547, 11.19289],
						"3.4583": [-36.71967, 17.17515, 21.95194]
					}
				},
				"arrow3": {
					"scale": {
						"2.9167": [0, 0, 0],
						"2.9583": {"pre": [0, 0, 0], "post": [1, 1, 1]}
					}
				},
				"leftLeg5": {
					"rotation": {
						"3.1667": [37.5, 0, 0],
						"3.3333": [37.5, 0, 0],
						"3.5417": [-32.5, 0, 0],
						"3.6667": [5, 0, 0],
						"3.75": [-4.99527, -0.21782, -2.4905],
						"3.8333": [-14.77428, -2.36779, -12.25971]
					},
					"scale": {
						"3.7917": [1, 1, 1],
						"3.875": {"pre": [1, 1, 1], "post": [0, 0, 0]}
					}
				},
				"rightLeg5": {
					"rotation": {
						"3.1667": [-27.5, 0, 0],
						"3.3333": [-27.5, 0, 0],
						"3.5417": [20, 0, 0],
						"3.6667": [-5, 0, 0],
						"3.8333": [-17.43745, 1.50179, 4.76968]
					},
					"scale": {
						"3.8333": [1, 1, 1],
						"3.875": {"pre": [1, 1, 1], "post": [0, 0, 0]}
					}
				},
				"root": {
					"position": [0, -0.2, 0],
					"scale": 1
				}
			}
		}
	}
}