{
	"format_version": "1.8.0",
	"animations": {
		"animation.cute_cave_spider.move": {
			"loop": true,
			"animation_length": 0.8,
			"bones": {
				"pets_right_leg_1": {
					"rotation": {
						"0.0": [0, -15, 0],
						"0.4": [0, 5, 0],
						"0.6": [0, -7.5, 15],
						"0.8": [0, -15, 0]
					},
					"position": {
						"0.0": [0, 0, 0],
						"0.8": [0, 0, 0]
					}
				},
				"pets_right_leg_2": {
					"rotation": {
						"0.0": [0, 10, 0],
						"0.2": [0, 0, 20],
						"0.4": [0, -10, 0],
						"0.8": [0, 10, 0]
					}
				},
				"pets_right_leg_3": {
					"rotation": {
						"0.0": [0, 15, 0],
						"0.4": [0, -15, 0],
						"0.8": [0, 15, 0]
					}
				},
				"pets_root": {
					"rotation": {
						"0.0": [0, 0, 0],
						"0.2": [0, 0, 0],
						"0.4": [0, 0, 0],
						"0.6": [0, 0, 0],
						"0.8": [0, 0, 0]
					},
					"position": {
						"0.0": [0, 0, 0],
						"0.2": [0, -0.25, 0],
						"0.4": [0, 0, 0],
						"0.6": [0, -0.25, 0],
						"0.8": [0, 0, 0]
					}
				},
				"pets_abdomen": {
					"rotation": {
						"0.0": [0, 0, 0],
						"0.2": [-4, 0, 0],
						"0.4": [0, 0, 0],
						"0.6": [4, 0, 0],
						"0.8": [0, 0, 0]
					},
					"position": {
						"0.0": [0, 0, 0],
						"0.4": [0, 0, 0],
						"0.8": [0, 0, 0]
					}
				},
				"pets_head": {
					"rotation": {
						"0.0": [0, 0, 0],
						"0.2": [-2, 0, 0],
						"0.4": [0, 0, 0],
						"0.6": [2, 0, 0],
						"0.8": [0, 0, 0]
					},
					"position": {
						"0.0": [0, 0, 0],
						"0.4": [0, 0, 0],
						"0.8": [0, 0, 0]
					}
				},
				"pets_left_leg_1": {
					"rotation": {
						"0.0": [0, -5, 0],
						"0.2": [0, 7.5, -15],
						"0.4": [0, 15, 0],
						"0.8": [0, -5, 0]
					},
					"position": {
						"0.0": [0, 0, 0],
						"0.4": [0, 0, 0],
						"0.8": [0, 0, 0]
					}
				},
				"pets_left_leg_2": {
					"rotation": {
						"0.0": [0, 10, 0],
						"0.4": [0, -10, 0],
						"0.6": [0, 0, -20],
						"0.8": [0, 10, 0]
					}
				},
				"pets_left_leg_3": {
					"rotation": {
						"0.0": [0, 15, 0],
						"0.4": [0, -15, 0],
						"0.8": [0, 15, 0]
					}
				}
			}
		},
		"animation.cute_cave_spider.idle": {
			"loop": true,
			"animation_length": 0.8,
			"bones": {
				"pets_right_leg_1": {
					"position": {
						"0.0": [
							0,
							0,
							0
						],
						"0.8": [
							0,
							0,
							0
						]
					}
				}
			}

		},
		"animation.cute_cave_spider.sit": {
			"loop": true,
			"animation_length": 0.8,
			"bones": {
				"pets_right_leg_1": {
					"position": {
						"0.0": [
							0,
							0,
							0
						],
						"0.8": [
							0,
							0,
							0
						]
					}
				}
			}

		}
	}
}