{
	"format_version": "1.8.0",
	"animations": {
		"animation.cute_endermite.move": {
			"loop": true,
			"animation_length": 0.8,
			"bones": {
				"body_base": {
					"rotation": {
						"0.0": [0, 0, 0],
						"0.2": [0, -10, 0],
						"0.4": [0, 0, 0],
						"0.6": [0, 10, 0],
						"0.8": [0, 0, 0]
					},
					"position": {
						"0.0": [0, 0, 0],
						"0.4": [0, 0, 0],
						"0.8": [0, 0, 0]
					}
				},
				"tail": {
					"rotation": {
						"0.0": [0, 0, 0],
						"0.2": [0, 15, 0],
						"0.4": [0, 0, 0],
						"0.6": [0, -15, 0],
						"0.8": [0, 0, 0]
					},
					"position": {
						"0.0": [0, 0, 0],
						"0.4": [0, 0, 0],
						"0.8": [0, 0, 0]
					}
				},
				"head": {
					"rotation": {
						"0.0": [0, 0, 0],
						"0.2": [0, 15, 0],
						"0.4": [0, 0, 0],
						"0.6": [0, -15, 0],
						"0.8": [0, 0, 0]
					},
					"position": {
						"0.0": [0, 0, 0],
						"0.4": [0, 0, 0],
						"0.8": [0, 0, 0]
					}
				}
			}
		},
		"animation.cute_endermite.idle": {
			"loop": true,
			"animation_length": 0.8,
			"bones": {
				"body_base": {
					"rotation": {
						"0.0": [0, 0, 0],
						"0.2": [0, -10, 0],
						"0.4": [0, 0, 0],
						"0.6": [0, 10, 0],
						"0.8": [0, 0, 0]
					},
					"position": {
						"0.0": [0, 0, 0],
						"0.4": [0, 0, 0],
						"0.8": [0, 0, 0]
					}
				},
				"tail": {
					"rotation": {
						"0.0": [0, 0, 0],
						"0.2": [0, 15, 0],
						"0.4": [0, 0, 0],
						"0.6": [0, -15, 0],
						"0.8": [0, 0, 0]
					},
					"position": {
						"0.0": [0, 0, 0],
						"0.4": [0, 0, 0],
						"0.8": [0, 0, 0]
					}
				},
				"head": {
					"rotation": {
						"0.0": [0, 0, 0],
						"0.2": [0, 15, 0],
						"0.4": [0, 0, 0],
						"0.6": [0, -15, 0],
						"0.8": [0, 0, 0]
					},
					"position": {
						"0.0": [0, 0, 0],
						"0.4": [0, 0, 0],
						"0.8": [0, 0, 0]
					}
				}
			}
		},
		"animation.cute_endermite.sit": {
			"loop": true,
			"animation_length": 0.8,
			"bones": {
				"body_base": {
					"rotation": {
						"0.0": [0, 0, 0],
						"0.2": [0, -10, 0],
						"0.4": [0, 0, 0],
						"0.6": [0, 10, 0],
						"0.8": [0, 0, 0]
					},
					"position": {
						"0.0": [0, 0, 0],
						"0.4": [0, 0, 0],
						"0.8": [0, 0, 0]
					}
				},
				"tail": {
					"rotation": {
						"0.0": [0, 0, 0],
						"0.2": [0, 15, 0],
						"0.4": [0, 0, 0],
						"0.6": [0, -15, 0],
						"0.8": [0, 0, 0]
					},
					"position": {
						"0.0": [0, 0, 0],
						"0.4": [0, 0, 0],
						"0.8": [0, 0, 0]
					}
				},
				"head": {
					"rotation": {
						"0.0": [0, 0, 0],
						"0.2": [0, 15, 0],
						"0.4": [0, 0, 0],
						"0.6": [0, -15, 0],
						"0.8": [0, 0, 0]
					},
					"position": {
						"0.0": [0, 0, 0],
						"0.4": [0, 0, 0],
						"0.8": [0, 0, 0]
					}
				}
			}
		}
	}
}