{
	"format_version": "1.8.0",
	"animations": {
		"animation.cute_ghast.move": {
			"loop": true,
			"animation_length": 1,
			"bones": {
				"tentacle_1": {
					"rotation": {
						"0.0": [-25, 0, 0],
						"0.64": [10, 0, 0],
						"1.0": [-25, 0, 0]
					},
					"position": {
						"0.0": [0, 0, 0],
						"1.0": [0, 0, 0]
					}
				},
				"tentacle_2": {
					"rotation": {
						"0.0": [-20, 0, 0],
						"0.56": [10, 0, 0],
						"1.0": [-20, 0, 0]
					},
					"position": {
						"0.0": [0, 0, 0],
						"1.0": [0, 0, 0]
					}
				},
				"tentacle_3": {
					"rotation": {
						"0.0": [-30, 0, 0],
						"0.48": [10, 0, 0],
						"1.0": [-30, 0, 0]
					},
					"position": {
						"0.0": [0, 0, 0],
						"1.0": [0, 0, 0]
					}
				},
				"tentacle_4": {
					"rotation": {
						"0.0": [5, 0, 0],
						"0.36": [-15, 0, 0],
						"1.0": [5, 0, 0]
					},
					"position": {
						"0.0": [0, 0, 0],
						"1.0": [0, 0, 0]
					}
				},
				"tentacle_5": {
					"rotation": {
						"0.0": [5, 0, 0],
						"0.48": [-15, 0, 0],
						"1.0": [5, 0, 0]
					},
					"position": {
						"0.0": [0, 0, 0],
						"1.0": [0, 0, 0]
					}
				},
				"tentacle_6": {
					"rotation": {
						"0.0": [-20, 0, 0],
						"0.72": [15, 0, 0],
						"1.0": [-20, 0, 0]
					},
					"position": {
						"0.0": [0, 0, 0],
						"1.0": [0, 0, 0]
					}
				},
				"tentacle_7": {
					"rotation": {
						"0.0": [5, 0, 0],
						"0.28": [-15, 0, 0],
						"1.0": [5, 0, 0]
					},
					"position": {
						"0.0": [0, 0, 0],
						"1.0": [0, 0, 0]
					}
				},
				"tentacle_8": {
					"rotation": {
						"0.0": [-15, 0, 0],
						"0.48": [10, 0, 0],
						"1.0": [-15, 0, 0]
					},
					"position": {
						"0.0": [0, 0, 0],
						"1.0": [0, 0, 0]
					}
				},
				"tentacle_9": {
					"rotation": {
						"0.0": [-15, 0, 0],
						"0.6": [10, 0, 0],
						"1.0": [-15, 0, 0]
					},
					"position": {
						"0.0": [0, 0, 0],
						"1.0": [0, 0, 0]
					}
				}
			}
		},
		"animation.cute_ghast.idle": {
			"loop": true,
			"animation_length": 14,
			"bones": {
				"head": {
					"rotation": {
						"0.0": [0, 0, 0],
						"10.0": [0, 0, 0],
						"10.24": [0, 10, 2.5],
						"11.0": [0, -20, -2.5],
						"11.8": [0, 10, 2.5],
						"11.84": [5, 8, 2],
						"12.0": [0, 0, 0],
						"14.0": [0, 0, 0],
						"2.0": [0, 0, 0],
						"2.16": [0, 7.5, 0],
						"3.84": [0, 7.5, 0],
						"4.0": [0, 0, 0],
						"6.0": [0, 0, 0],
						"8.0": [0, 0, 0],
						"8.16": [-5, -15, 0],
						"9.84": [-5, -15, 0]
					},
					"position": {
						"0.0": [0, 0, 0],
						"1.0": [0, 1, 0],
						"10.0": [0, 0, 0],
						"10.24": [0, 2, 0],
						"11.0": [0, 1, 0],
						"11.8": [0, 2, 0],
						"12.0": [0, 0, 0],
						"13.0": [0, 1, 0],
						"14.0": [0, 0, 0],
						"2.0": [0, 0, 0],
						"3.0": [0, 1, 0],
						"4.0": [0, 0, 0],
						"5.0": [0, 1, 0],
						"6.0": [0, 0, 0],
						"7.0": [0, 1, 0],
						"8.0": [0, 0, 0],
						"9.0": [0, 1, 0]
					}
				},
				"tentacle_1": {
					"rotation": {
						"0.0": [0, 0, 0],
						"1.0": [-10, 0, 0],
						"10.0": [0, 0, 0],
						"11.0": [-10, 0, 0],
						"12.0": [0, 0, 0],
						"13.0": [-10, 0, 0],
						"14.0": [0, 0, 0],
						"2.0": [0, 0, 0],
						"3.0": [-10, 0, 0],
						"4.0": [0, 0, 0],
						"5.0": [-10, 0, 0],
						"6.0": [0, 0, 0],
						"7.0": [-10, 0, 0],
						"8.0": [0, 0, 0],
						"9.0": [-10, 0, 0]
					},
					"position": {
						"0.0": [0, 0, 0],
						"10.0": [0, 0, 0],
						"12.0": [0, 0, 0],
						"14.0": [0, 0, 0],
						"2.0": [0, 0, 0],
						"4.0": [0, 0, 0],
						"6.0": [0, 0, 0],
						"8.0": [0, 0, 0]
					}
				},
				"tentacle_2": {
					"rotation": {
						"0.0": [0, 0, 0],
						"1.0": [-10, 0, 0],
						"10.0": [0, 0, 0],
						"11.0": [-10, 0, 0],
						"12.0": [0, 0, 0],
						"13.0": [-10, 0, 0],
						"14.0": [0, 0, 0],
						"2.0": [0, 0, 0],
						"3.0": [-10, 0, 0],
						"4.0": [0, 0, 0],
						"5.0": [-10, 0, 0],
						"6.0": [0, 0, 0],
						"7.0": [-10, 0, 0],
						"8.0": [0, 0, 0],
						"9.0": [-10, 0, 0]
					},
					"position": {
						"0.0": [0, 0, 0],
						"10.0": [0, 0, 0],
						"12.0": [0, 0, 0],
						"14.0": [0, 0, 0],
						"2.0": [0, 0, 0],
						"4.0": [0, 0, 0],
						"6.0": [0, 0, 0],
						"8.0": [0, 0, 0]
					}
				},
				"tentacle_3": {
					"rotation": {
						"0.0": [0, 0, 0],
						"1.0": [-10, 0, 0],
						"10.0": [0, 0, 0],
						"11.0": [-10, 0, 0],
						"12.0": [0, 0, 0],
						"13.0": [-10, 0, 0],
						"14.0": [0, 0, 0],
						"2.0": [0, 0, 0],
						"3.0": [-10, 0, 0],
						"4.0": [0, 0, 0],
						"5.0": [-10, 0, 0],
						"6.0": [0, 0, 0],
						"7.0": [-10, 0, 0],
						"8.0": [0, 0, 0],
						"9.0": [-10, 0, 0]
					},
					"position": {
						"0.0": [0, 0, 0],
						"10.0": [0, 0, 0],
						"12.0": [0, 0, 0],
						"14.0": [0, 0, 0],
						"2.0": [0, 0, 0],
						"4.0": [0, 0, 0],
						"6.0": [0, 0, 0],
						"8.0": [0, 0, 0]
					}
				},
				"tentacle_4": {
					"rotation": {
						"0.0": [0, 0, 0],
						"1.0": [-10, 0, 0],
						"10.0": [0, 0, 0],
						"11.0": [-10, 0, 0],
						"12.0": [0, 0, 0],
						"13.0": [-10, 0, 0],
						"14.0": [0, 0, 0],
						"2.0": [0, 0, 0],
						"3.0": [-10, 0, 0],
						"4.0": [0, 0, 0],
						"5.0": [-10, 0, 0],
						"6.0": [0, 0, 0],
						"7.0": [-10, 0, 0],
						"8.0": [0, 0, 0],
						"9.0": [-10, 0, 0]
					},
					"position": {
						"0.0": [0, 0, 0],
						"10.0": [0, 0, 0],
						"12.0": [0, 0, 0],
						"14.0": [0, 0, 0],
						"2.0": [0, 0, 0],
						"4.0": [0, 0, 0],
						"6.0": [0, 0, 0],
						"8.0": [0, 0, 0]
					}
				},
				"tentacle_5": {
					"rotation": {
						"0.0": [0, 0, 0],
						"1.0": [-10, 0, 0],
						"10.0": [0, 0, 0],
						"11.0": [-10, 0, 0],
						"12.0": [0, 0, 0],
						"13.0": [-10, 0, 0],
						"14.0": [0, 0, 0],
						"2.0": [0, 0, 0],
						"3.0": [-10, 0, 0],
						"4.0": [0, 0, 0],
						"5.0": [-10, 0, 0],
						"6.0": [0, 0, 0],
						"7.0": [-10, 0, 0],
						"8.0": [0, 0, 0],
						"9.0": [-10, 0, 0]
					},
					"position": {
						"0.0": [0, 0, 0],
						"10.0": [0, 0, 0],
						"12.0": [0, 0, 0],
						"14.0": [0, 0, 0],
						"2.0": [0, 0, 0],
						"4.0": [0, 0, 0],
						"6.0": [0, 0, 0],
						"8.0": [0, 0, 0]
					}
				},
				"tentacle_6": {
					"rotation": {
						"0.0": [0, 0, 0],
						"1.0": [-10, 0, 0],
						"10.0": [0, 0, 0],
						"11.0": [-10, 0, 0],
						"12.0": [0, 0, 0],
						"13.0": [-10, 0, 0],
						"14.0": [0, 0, 0],
						"2.0": [0, 0, 0],
						"3.0": [-10, 0, 0],
						"4.0": [0, 0, 0],
						"5.0": [-10, 0, 0],
						"6.0": [0, 0, 0],
						"7.0": [-10, 0, 0],
						"8.0": [0, 0, 0],
						"9.0": [-10, 0, 0]
					},
					"position": {
						"0.0": [0, 0, 0],
						"10.0": [0, 0, 0],
						"12.0": [0, 0, 0],
						"14.0": [0, 0, 0],
						"2.0": [0, 0, 0],
						"4.0": [0, 0, 0],
						"6.0": [0, 0, 0],
						"8.0": [0, 0, 0]
					}
				},
				"tentacle_7": {
					"rotation": {
						"0.0": [0, 0, 0],
						"1.0": [-10, 0, 0],
						"10.0": [0, 0, 0],
						"11.0": [-10, 0, 0],
						"12.0": [0, 0, 0],
						"13.0": [-10, 0, 0],
						"14.0": [0, 0, 0],
						"2.0": [0, 0, 0],
						"3.0": [-10, 0, 0],
						"4.0": [0, 0, 0],
						"5.0": [-10, 0, 0],
						"6.0": [0, 0, 0],
						"7.0": [-10, 0, 0],
						"8.0": [0, 0, 0],
						"9.0": [-10, 0, 0]
					},
					"position": {
						"0.0": [0, 0, 0],
						"10.0": [0, 0, 0],
						"12.0": [0, 0, 0],
						"14.0": [0, 0, 0],
						"2.0": [0, 0, 0],
						"4.0": [0, 0, 0],
						"6.0": [0, 0, 0],
						"8.0": [0, 0, 0]
					}
				},
				"tentacle_8": {
					"rotation": {
						"0.0": [0, 0, 0],
						"1.0": [-10, 0, 0],
						"10.0": [0, 0, 0],
						"11.0": [-10, 0, 0],
						"12.0": [0, 0, 0],
						"13.0": [-10, 0, 0],
						"14.0": [0, 0, 0],
						"2.0": [0, 0, 0],
						"3.0": [-10, 0, 0],
						"4.0": [0, 0, 0],
						"5.0": [-10, 0, 0],
						"6.0": [0, 0, 0],
						"7.0": [-10, 0, 0],
						"8.0": [0, 0, 0],
						"9.0": [-10, 0, 0]
					},
					"position": {
						"0.0": [0, 0, 0],
						"10.0": [0, 0, 0],
						"12.0": [0, 0, 0],
						"14.0": [0, 0, 0],
						"2.0": [0, 0, 0],
						"4.0": [0, 0, 0],
						"6.0": [0, 0, 0],
						"8.0": [0, 0, 0]
					}
				},
				"tentacle_9": {
					"rotation": {
						"0.0": [0, 0, 0],
						"1.0": [-10, 0, 0],
						"10.0": [0, 0, 0],
						"11.0": [-10, 0, 0],
						"12.0": [0, 0, 0],
						"13.0": [-10, 0, 0],
						"14.0": [0, 0, 0],
						"2.0": [0, 0, 0],
						"3.0": [-10, 0, 0],
						"4.0": [0, 0, 0],
						"5.0": [-10, 0, 0],
						"6.0": [0, 0, 0],
						"7.0": [-10, 0, 0],
						"8.0": [0, 0, 0],
						"9.0": [-10, 0, 0]
					},
					"position": {
						"0.0": [0, 0, 0],
						"10.0": [0, 0, 0],
						"12.0": [0, 0, 0],
						"14.0": [0, 0, 0],
						"2.0": [0, 0, 0],
						"4.0": [0, 0, 0],
						"6.0": [0, 0, 0],
						"8.0": [0, 0, 0]
					}
				}
			}
		},
		"animation.cute_ghast.sit": {
			"loop": true,
			"animation_length": 1,
			"bones": {
				"head": {
					"position": [0, -4, 0]
				},
				"tentacle_1": {
					"rotation": [-80, 55, 0]
				},
				"tentacle_2": {
					"rotation": [-80, 0, 0]
				},
				"tentacle_3": {
					"rotation": [-80, -55, 0]
				},
				"tentacle_4": {
					"rotation": [45, 10, 0]
				},
				"tentacle_5": {
					"rotation": [0, 0, 45]
				},
				"tentacle_6": {
					"rotation": [35, -35, 0]
				},
				"tentacle_7": {
					"rotation": [0, 0, -50]
				},
				"tentacle_8": {
					"rotation": [45, 25, 0]
				},
				"tentacle_9": {
					"rotation": [35, -10, 0]
				}
			}
		}
	}
}