{
	"format_version": "1.8.0",
	"animations": {
		"animation.cute_horse.move": {
			"loop": true,
			"animation_length": 0.8,
			"bones": {
				"body_base": {
					"rotation": {
						"0.0": [0, 0, 0],
						"0.2": [0, 2, 2],
						"0.4": [0, 0, 0],
						"0.6": [0, -2, -2],
						"0.8": [0, 0, 0]
					},
					"position": {
						"0.0": [0, 0, 0],
						"0.2": [0, -0.5, 0],
						"0.4": [0, 0, 0],
						"0.6": [0, -0.5, 0],
						"0.8": [0, 0, 0]
					}
				},
				"tail": {
					"rotation": {
						"0.0": [0, 0, 0],
						"0.2": [-5, -5, 0],
						"0.4": [0, 0, 0],
						"0.6": [-5, 5, 0],
						"0.8": [0, 0, 0]
					},
					"position": {
						"0.0": [0, 0, 0],
						"0.2": [0, 0, 0],
						"0.4": [0, 0, 0],
						"0.6": [0, 0, 0],
						"0.8": [0, 0, 0]
					}
				},
				"right_front_leg": {
					"rotation": {
						"0.0": [-30, 0, 0],
						"0.4": [25, 0, 0],
						"0.8": [-30, 0, 0]
					},
					"position": {
						"0.4": [0, 0, 0],
						"0.6": [0, 1, 0],
						"0.8": [0, 0, 0]
					}
				},
				"left_front_leg": {
					"rotation": {
						"0.0": [25, 0, 0],
						"0.4": [-30, 0, 0],
						"0.8": [25, 0, 0]
					},
					"position": {
						"0.0": [0, 0, 0],
						"0.2": [0, 1, 0],
						"0.4": [0, 0, 0],
						"0.8": [0, 0, 0]
					}
				},
				"right_back_leg": {
					"rotation": {
						"0.0": [15, 0, 0],
						"0.4": [-10, 0, 0],
						"0.8": [15, 0, 0]
					},
					"position": {
						"0.0": [0, 0, 0],
						"0.2": [0, 1, 0],
						"0.4": [0, 0, 0],
						"0.8": [0, 0, 0]
					}
				},
				"left_back_leg": {
					"rotation": {
						"0.0": [-10, 0, 0],
						"0.4": [15, 0, 0],
						"0.8": [-10, 0, 0]
					},
					"position": {
						"0.0": [0, 0, 0],
						"0.4": [0, 0, 0],
						"0.6": [0, 1, 0],
						"0.8": [0, 0, 0]
					}
				},
				"head": {
					"rotation": {
						"0.0": [0, 0, 0],
						"0.2": [0, 0, 1],
						"0.4": [0, 0, 0],
						"0.6": [0, 0, -1],
						"0.8": [0, 0, 0]
					},
					"position": {
						"0.0": [0, 0, 0],
						"0.4": [0, 0, 0],
						"0.8": [0, 0, 0]
					}
				},
				"right_ear": {
					"rotation": {
						"0.0": [0, 0, 0],
						"0.2": [0, 0, 3],
						"0.4": [0, 0, 0],
						"0.6": [0, 0, -5],
						"0.8": [0, 0, 0]
					},
					"position": {
						"0.0": [0, 0, 0],
						"0.4": [0, 0, 0],
						"0.8": [0, 0, 0]
					}
				},
				"left_ear": {
					"rotation": {
						"0.0": [0, 0, 0],
						"0.2": [2, 0, 5],
						"0.4": [0, 0, 0],
						"0.6": [-2, 0, -3],
						"0.8": [0, 0, 0]
					},
					"position": {
						"0.0": [0, 0, 0],
						"0.4": [0, 0, 0],
						"0.8": [0, 0, 0]
					}
				}
			}
		},
		"animation.cute_horse.idle": {
			"loop": true,
			"animation_length": 1,
			"bones": {
				"body_base": {
					"rotation": [-20, 0, 0],
					"position": [0, -3.5, 0]
				},
				"tail": {
					"rotation": [35, 5, 0],
					"position": [0, 0, -0.75]
				},
				"right_front_leg": {
					"rotation": [20, 0, 0],
					"position": [0, 1.5, -0.5]
				},
				"left_front_leg": {
					"rotation": [20, 0, 0],
					"position": [0, 1.5, -0.5]
				},
				"right_back_leg": {
					"rotation": [-60, 15, 0]
				},
				"left_back_leg": {
					"rotation": [-60, -10, 0]
				},
				"head": {
					"rotation": [15, 0, 0]
				},
				"mane": {
					"position": [0, -0.25, 0]
				}
			}
		},
		"animation.cute_horse.sit": {
			"loop": true,
			"animation_length": 1,
			"bones": {
				"body_base": {
					"rotation": [-20, 0, 0],
					"position": [0, -3.5, 0]
				},
				"tail": {
					"rotation": [35, 5, 0],
					"position": [0, 0, -0.75]
				},
				"right_front_leg": {
					"rotation": [20, 0, 0],
					"position": [0, 1.5, -0.5]
				},
				"left_front_leg": {
					"rotation": [20, 0, 0],
					"position": [0, 1.5, -0.5]
				},
				"right_back_leg": {
					"rotation": [-60, 15, 0]
				},
				"left_back_leg": {
					"rotation": [-60, -10, 0]
				},
				"head": {
					"rotation": [15, 0, 0]
				},
				"mane": {
					"position": [0, -0.25, 0]
				}
			}
		}
	}
}