{
	"format_version": "1.8.0",
	"animations": {
		"animation.cute_rabbit.move": {
			"loop": true,
			"animation_length": 0.8,
			"bones": {
				"body_base": {
					"rotation": {
						"0.0": [0, 0, 0],
						"0.4": [-15, 0, 0],
						"0.8": [0, 0, 0]
					},
					"position": {
						"0.0": [0, 0, 0],
						"0.4": [0, 10, 0],
						"0.8": [0, 0, 0]
					}
				},
				"right_back_leg": {
					"rotation": {
						"0.0": [0, 0, 0],
						"0.4": [85, 0, 0],
						"0.8": [0, 0, 0]
					},
					"position": {
						"0.0": [0, 0, 0],
						"0.4": [0, 0, 0.5],
						"0.8": [0, 0, 0]
					}
				},
				"right_back_foot": {
					"rotation": {
						"0.0": [0, 0, 0],
						"0.4": [20, 0, 0],
						"0.8": [0, 0, 0]
					},
					"position": {
						"0.0": [0, 0, 0],
						"0.4": [0, 0, 0],
						"0.8": [0, 0, 0]
					}
				},
				"left_back_leg": {
					"rotation": {
						"0.0": [0, 0, 0],
						"0.4": [80, 0, 0],
						"0.8": [0, 0, 0]
					},
					"position": {
						"0.0": [0, 0, 0],
						"0.4": [0, 0, 0.5],
						"0.8": [0, 0, 0]
					}
				},
				"left_back_foot": {
					"rotation": {
						"0.0": [0, 0, 0],
						"0.4": [15, 0, 0],
						"0.8": [0, 0, 0]
					},
					"position": {
						"0.0": [0, 0, 0],
						"0.4": [0, 0, 0],
						"0.8": [0, 0, 0]
					}
				},
				"head": {
					"rotation": {
						"0.0": [0, 0, 0],
						"0.2": [-10, 0, 0],
						"0.4": [0, 0, 0],
						"0.6": [10, 0, 0],
						"0.8": [0, 0, 0]
					},
					"position": {
						"0.0": [0, 0, 0],
						"0.4": [0, 0, 0],
						"0.8": [0, 0, 0]
					}
				},
				"right_ear": {
					"rotation": {
						"0.0": [0, 0, 0],
						"0.2": [10, 0, 0],
						"0.4": [0, 0, 0],
						"0.6": [-10, 0, 0],
						"0.8": [0, 0, 0]
					},
					"position": {
						"0.0": [0, 0, 0],
						"0.4": [0, 0, 0],
						"0.8": [0, 0, 0]
					}
				},
				"tail": {
					"rotation": {
						"0.0": [0, 0, 0],
						"0.4": [-15, 0, 0],
						"0.8": [0, 0, 0]
					},
					"position": {
						"0.0": [0, 0, 0],
						"0.4": [0, 0, 0],
						"0.8": [0, 0, 0]
					}
				},
				"right_front_leg": {
					"rotation": {
						"0.0": [0, 0, 0],
						"0.4": [-40, 0, 0],
						"0.8": [0, 0, 0]
					},
					"position": {
						"0.0": [0, 0, 0],
						"0.4": [0, -0.5, -0.5],
						"0.8": [0, 0, 0]
					}
				},
				"left_front_leg": {
					"rotation": {
						"0.0": [0, 0, 0],
						"0.4": [-50, 0, 0],
						"0.8": [0, 0, 0]
					},
					"position": {
						"0.0": [0, 0, 0],
						"0.4": [0, -0.5, -0.5],
						"0.8": [0, 0, 0]
					}
				},
				"left_ear": {
					"rotation": {
						"0.0": [0, 0, 0],
						"0.2": [10, 0, 0],
						"0.4": [0, 0, 0],
						"0.6": [-10, 0, 0],
						"0.8": [0, 0, 0]
					},
					"position": {
						"0.0": [0, 0, 0],
						"0.4": [0, 0, 0],
						"0.8": [0, 0, 0]
					}
				}
			}
		},
		"animation.cute_rabbit.idle": {
			"loop": true,
			"animation_length": 1,
			"bones": {
				"body_base": {
					"rotation": [-25, 0, 0],
					"position": [0, -1, 0]
				},
				"right_back_leg": {
					"rotation": [10, 15, 0],
					"position": [0, 1.5, 0]
				},
				"right_back_foot": {
					"rotation": [10, 0, 0],
					"position": [0, 0.5, -0.25]
				},
				"left_back_leg": {
					"rotation": [10, -15, 0],
					"position": [0, 1.5, 0]
				},
				"left_back_foot": {
					"rotation": [10, 0, 0],
					"position": [0, 0.5, -0.25]
				},
				"head": {
					"rotation": [15, 0, 0]
				},
				"tail": {
					"rotation": [-15, 0, 0]
				},
				"right_front_leg": {
					"rotation": [25, 0, 0],
					"position": [0, -1.5, 0.25]
				},
				"left_front_leg": {
					"rotation": [25, 0, 0],
					"position": [0, -1.5, 0.25]
				}
			}
		},
		"animation.cute_rabbit.sit": {
			"loop": true,
			"animation_length": 1,
			"bones": {
				"body_base": {
					"rotation": [-25, 0, 0],
					"position": [0, -1, 0]
				},
				"right_back_leg": {
					"rotation": [10, 15, 0],
					"position": [0, 1.5, 0]
				},
				"right_back_foot": {
					"rotation": [10, 0, 0],
					"position": [0, 0.5, -0.25]
				},
				"left_back_leg": {
					"rotation": [10, -15, 0],
					"position": [0, 1.5, 0]
				},
				"left_back_foot": {
					"rotation": [10, 0, 0],
					"position": [0, 0.5, -0.25]
				},
				"head": {
					"rotation": [15, 0, 0]
				},
				"tail": {
					"rotation": [-15, 0, 0]
				},
				"right_front_leg": {
					"rotation": [25, 0, 0],
					"position": [0, -1.5, 0.25]
				},
				"left_front_leg": {
					"rotation": [25, 0, 0],
					"position": [0, -1.5, 0.25]
				}
			}
		}
	}
}