{
	"format_version": "1.8.0",
	"animations": {
		"animation.cute_skeleton.attack": {
			"loop": true,
			"animation_length": 0.8,
			"bones": {
				"right_arm": {
					"rotation": [-92.5, -10, 10],
					"position": [0, 0, -0.5]
				},
				"left_arm": {
					"rotation": [-95, 25, -2.5]
				}
			}
		},
		"animation.cute_skeleton.move": {
			"loop": true,
			"animation_length": 0.8,
			"bones": {
				"body_base": {
					"rotation": {
						"0.0": [0, 0, 0],
						"0.2": [0, 2.5, -2.5],
						"0.4": [0, 0, 0],
						"0.6": [0, -2.5, 2.5],
						"0.8": [0, 0, 0]
					},
					"position": {
						"0.0": [0, 0, 0],
						"0.2": [0, -0.25, 0],
						"0.4": [0, 0, 0],
						"0.6": [0, -0.25, 0],
						"0.8": [0, 0, 0]
					}
				},
				"right_leg": {
					"rotation": {
						"0.0": [-20, 0, 0],
						"0.4": [15, 0, 0],
						"0.8": [-20, 0, 0]
					},
					"position": {
						"0.0": [0, 0, 0],
						"0.4": [0, 0, 0],
						"0.6": [0, 0.5, 0],
						"0.8": [0, 0, 0]
					}
				},
				"left_leg": {
					"rotation": {
						"0.0": [15, 0, 0],
						"0.4": [-20, 0, 0],
						"0.8": [15, 0, 0]
					},
					"position": {
						"0.0": [0, 0, 0],
						"0.2": [0, 0.5, 0],
						"0.4": [0, 0, 0],
						"0.8": [0, 0, 0]
					}
				},
				"head": {
					"rotation": {
						"0.0": [0, 0, 0],
						"0.2": [0, 0, -2.5],
						"0.4": [0, 0, 0],
						"0.6": [0, 0, 2.5],
						"0.8": [0, 0, 0]
					},
					"position": {
						"0.0": [0, 0, 0],
						"0.4": [0, 0, 0],
						"0.8": [0, 0, 0]
					}
				}
			}
		},
		"animation.cute_skeleton.idle": {
			"loop": true,
			"animation_length": 0.8,
			"bones": {
				"body_base": {
					"rotation": [-5, 0, 0],
					"position": [0, -3.25, 0]
				},
				"right_arm": {
					"rotation": [-15, 0, 35]
				},
				"left_arm": {
					"rotation": [-20, -5, -20]
				},
				"right_leg": {
					"rotation": [-80, 15, 0],
					"position": [0, 0.25, 0]
				},
				"left_leg": {
					"rotation": [-80, -15, 0],
					"position": [0, 0.25, 0]
				},
				"head": {
					"rotation": [2.5, 0, 0]
				}
			}
		},
		"animation.cute_skeleton.sit": {
			"loop": true,
			"animation_length": 0.8,
			"bones": {
				"body_base": {
					"rotation": [-5, 0, 0],
					"position": [0, -3.25, 0]
				},
				"right_arm": {
					"rotation": [-15, 0, 35]
				},
				"left_arm": {
					"rotation": [-20, -5, -20]
				},
				"right_leg": {
					"rotation": [-80, 15, 0],
					"position": [0, 0.25, 0]
				},
				"left_leg": {
					"rotation": [-80, -15, 0],
					"position": [0, 0.25, 0]
				},
				"head": {
					"rotation": [2.5, 0, 0]
				}
			}
		}
	}
}