{
	"format_version": "1.8.0",
	"animations": {
		"animation.cute_zoglin.attack": {
			"loop": true,
			"animation_length": 0.6,
			"bones": {
				"body_base": {
					"rotation": {
						"0.0": [0, 0, 0],
						"0.08": [5, 2, 1],
						"0.24": [-5, 0, 0],
						"0.6": [0, 0, 0]
					},
					"position": {
						"0.0": [0, 0, 0],
						"0.24": [0, 1, 0],
						"0.6": [0, 0, 0]
					}
				},
				"head": {
					"rotation": {
						"0.0": [0, 0, 0],
						"0.08": [10, 2, 0],
						"0.24": [-30, 0, 0],
						"0.6": [0, 0, 0]
					},
					"position": {
						"0.0": [0, 0, 0],
						"0.6": [0, 0, 0]
					}
				},
				"right_tusk": {
					"rotation": {
						"0.08": [0, 0, 0],
						"0.24": [15, 0, 0],
						"0.36": [0, 0, 0]
					},
					"position": {
						"0.08": [0, 0, 0],
						"0.36": [0, 0, 0]
					}
				},
				"left_tusk": {
					"rotation": {
						"0.08": [0, 0, 0],
						"0.24": [15, 0, 0],
						"0.36": [0, 0, 0]
					},
					"position": {
						"0.08": [0, 0, 0],
						"0.36": [0, 0, 0]
					}
				},
				"right_ear": {
					"rotation": {
						"0.0": [0, 0, 0],
						"0.08": [0, 0, -10],
						"0.24": [0, 0, -15],
						"0.36": [0, 0, -5],
						"0.6": [0, 0, 0]
					},
					"position": {
						"0.0": [0, 0, 0],
						"0.6": [0, 0, 0]
					}
				},
				"left_ear": {
					"rotation": {
						"0.0": [0, 0, 0],
						"0.24": [0, 0, 15],
						"0.36": [0, 0, 5],
						"0.6": [0, 0, 0]
					},
					"position": {
						"0.0": [0, 0, 0],
						"0.6": [0, 0, 0]
					}
				},
				"right_front_leg": {
					"rotation": {
						"0.0": [0, 0, 0],
						"0.08": [-10, 0, 0],
						"0.24": [15, 0, 0],
						"0.36": [0, 0, 0],
						"0.6": [0, 0, 0]
					},
					"position": {
						"0.0": [0, 0, 0],
						"0.24": [0, -1, 0],
						"0.6": [0, 0, 0]
					},
					"scale": 1
				},
				"left_front_leg": {
					"rotation": {
						"0.0": [0, 0, 0],
						"0.08": [-25, 0, 0],
						"0.24": [15, 0, 0],
						"0.36": [0, 0, 0],
						"0.6": [0, 0, 0]
					},
					"position": {
						"0.0": [0, 0, 0],
						"0.24": [0, -1, 0],
						"0.6": [0, 0, 0]
					},
					"scale": 1
				},
				"right_back_leg": {
					"rotation": {
						"0.0": [0, 0, 0],
						"0.08": [20, 0, 0],
						"0.36": [0, 0, 0],
						"0.6": [0, 0, 0]
					},
					"position": {
						"0.0": [0, 0, 0],
						"0.08": [0, -1.25, 0.25],
						"0.6": [0, 0, 0]
					}
				},
				"left_back_leg": {
					"rotation": {
						"0.0": [0, 0, 0],
						"0.08": [10, 0, 0],
						"0.36": [0, 0, 0],
						"0.6": [0, 0, 0]
					},
					"position": {
						"0.0": [0, 0, 0],
						"0.08": [0, -1, 0],
						"0.6": [0, 0, 0]
					}
				},
				"hair": {
					"rotation": {
						"0.0": [0, 0, 0],
						"0.08": [0, 0, 0],
						"0.2": [0, 0, 5],
						"0.28": [0, 0, -5],
						"0.36": [0, 0, 0]
					},
					"position": {
						"0.0": [0, 0, 0],
						"0.08": [0, 0, 0],
						"0.36": [0, 0, 0]
					}
				}
			}
		},
		"animation.cute_zoglin.move": {
			"loop": true,
			"animation_length": 1.12,
			"bones": {
				"body_base": {
					"rotation": {
						"0.0": [0, 0, 0],
						"0.28": [0, 0, -3],
						"0.56": [0, 0, 0],
						"0.84": [0, 0, 3],
						"1.12": [0, 0, 0]
					},
					"position": {
						"0.0": [0, 0, 0],
						"0.28": [0, -0.25, 0],
						"0.56": [0, 0, 0],
						"0.84": [0, -0.25, 0],
						"1.12": [0, 0, 0]
					}
				},
				"head": {
					"rotation": {
						"0.0": [0, 0, 0],
						"0.28": [5, 0, 0],
						"0.56": [0, 0, 0],
						"0.84": [5, 0, 0],
						"1.12": [0, 0, 0]
					},
					"position": {
						"0.0": [0, 0, 0],
						"0.56": [0, 0, 0],
						"1.12": [0, 0, 0]
					}
				},
				"right_ear": {
					"rotation": {
						"0.0": [0, 0, 0],
						"0.28": [0, 0, -10],
						"0.56": [0, 0, 0],
						"0.84": [0, 0, 5],
						"1.12": [0, 0, 0]
					},
					"position": {
						"0.0": [0, 0, 0],
						"0.56": [0, 0, 0],
						"1.12": [0, 0, 0]
					}
				},
				"left_ear": {
					"rotation": {
						"0.0": [0, 0, 0],
						"0.28": [0, 0, -5],
						"0.56": [0, 0, 0],
						"0.84": [0, 0, 10],
						"1.12": [0, 0, 0]
					},
					"position": {
						"0.0": [0, 0, 0],
						"0.56": [0, 0, 0],
						"1.12": [0, 0, 0]
					}
				},
				"right_front_leg": {
					"rotation": {
						"0.0": [-30, 0, 0],
						"0.56": [20, 0, 0],
						"1.12": [-30, 0, 0]
					},
					"position": {
						"0.0": [0, 0, 0],
						"0.56": [0, 0, 0],
						"0.84": [0, 0.75, 0],
						"1.12": [0, 0, 0]
					}
				},
				"left_front_leg": {
					"rotation": {
						"0.0": [20, 0, 0],
						"0.56": [-30, 0, 0],
						"1.12": [20, 0, 0]
					},
					"position": {
						"0.0": [0, 0, 0],
						"0.28": [0, 0.75, 0],
						"0.56": [0, 0, 0],
						"1.12": [0, 0, 0]
					}
				},
				"right_back_leg": {
					"rotation": {
						"0.0": [25, 0, 0],
						"0.56": [-20, 0, 0],
						"1.12": [25, 0, 0]
					},
					"position": {
						"0.0": [0, 0, 0],
						"0.28": [0, 1, 0],
						"0.56": [0, 0, 0],
						"1.12": [0, 0, 0]
					}
				},
				"left_back_leg": {
					"rotation": {
						"0.0": [-20, 0, 0],
						"0.56": [25, 0, 0],
						"1.12": [-20, 0, 0]
					},
					"position": {
						"0.0": [0, 0, 0],
						"0.56": [0, 0, 0],
						"0.84": [0, 1, 0],
						"1.12": [0, 0, 0]
					}
				},
				"hair": {
					"rotation": {
						"0.0": [0, 0, 0],
						"0.28": [0, 0, 10],
						"0.84": [0, 0, -10],
						"1.12": [0, 0, 0]
					},
					"position": {
						"0.0": [0, 0, 0],
						"1.12": [0, 0, 0]
					}
				}
			}
		},
		"animation.cute_zoglin.idle": {
			"loop": true,
			"animation_length": 1,
			"bones": {
				"body_base": {
					"rotation": [-10, 0, 0],
					"position": [0, -1.5, 0]
				},
				"head": {
					"rotation": [-5, 0, 0]
				},
				"right_front_leg": {
					"rotation": [5, 0, 0],
					"position": [0, 0.5, 0]
				},
				"left_front_leg": {
					"rotation": [5, 0, 0],
					"position": [0, 0.5, 0]
				},
				"right_back_leg": {
					"rotation": [-70, 5, 0],
					"position": [0, -1, 0]
				},
				"left_back_leg": {
					"rotation": [-70, -5, 0],
					"position": [0, -1, 0]
				}
			}
		},
		"animation.cute_zoglin.sit": {
			"loop": true,
			"animation_length": 1,
			"bones": {
				"body_base": {
					"rotation": [-10, 0, 0],
					"position": [0, -1.5, 0]
				},
				"head": {
					"rotation": [-5, 0, 0]
				},
				"right_front_leg": {
					"rotation": [5, 0, 0],
					"position": [0, 0.5, 0]
				},
				"left_front_leg": {
					"rotation": [5, 0, 0],
					"position": [0, 0.5, 0]
				},
				"right_back_leg": {
					"rotation": [-70, 5, 0],
					"position": [0, -1, 0]
				},
				"left_back_leg": {
					"rotation": [-70, -5, 0],
					"position": [0, -1, 0]
				}
			}
		}
	}
}