{
    "variants": {
        "facing=north,tucked=false,back=1": {
            "model": "heypixel:block/another_furniture/chair/dark_oak_1"
        },
        "facing=east,tucked=false,back=1": {
            "model": "heypixel:block/another_furniture/chair/dark_oak_1",
            "y": 90
        },
        "facing=south,tucked=false,back=1": {
            "model": "heypixel:block/another_furniture/chair/dark_oak_1",
            "y": 180
        },
        "facing=west,tucked=false,back=1": {
            "model": "heypixel:block/another_furniture/chair/dark_oak_1",
            "y": 270
        },
        "facing=north,tucked=true,back=1": {
            "model": "heypixel:block/another_furniture/chair/dark_oak_1_tucked"
        },
        "facing=east,tucked=true,back=1": {
            "model": "heypixel:block/another_furniture/chair/dark_oak_1_tucked",
            "y": 90
        },
        "facing=south,tucked=true,back=1": {
            "model": "heypixel:block/another_furniture/chair/dark_oak_1_tucked",
            "y": 180
        },
        "facing=west,tucked=true,back=1": {
            "model": "heypixel:block/another_furniture/chair/dark_oak_1_tucked",
            "y": 270
        },
        "facing=north,tucked=false,back=2": {
            "model": "heypixel:block/another_furniture/chair/dark_oak_2"
        },
        "facing=east,tucked=false,back=2": {
            "model": "heypixel:block/another_furniture/chair/dark_oak_2",
            "y": 90
        },
        "facing=south,tucked=false,back=2": {
            "model": "heypixel:block/another_furniture/chair/dark_oak_2",
            "y": 180
        },
        "facing=west,tucked=false,back=2": {
            "model": "heypixel:block/another_furniture/chair/dark_oak_2",
            "y": 270
        },
        "facing=north,tucked=true,back=2": {
            "model": "heypixel:block/another_furniture/chair/dark_oak_2_tucked"
        },
        "facing=east,tucked=true,back=2": {
            "model": "heypixel:block/another_furniture/chair/dark_oak_2_tucked",
            "y": 90
        },
        "facing=south,tucked=true,back=2": {
            "model": "heypixel:block/another_furniture/chair/dark_oak_2_tucked",
            "y": 180
        },
        "facing=west,tucked=true,back=2": {
            "model": "heypixel:block/another_furniture/chair/dark_oak_2_tucked",
            "y": 270
        },
        "facing=north,tucked=false,back=3": {
            "model": "heypixel:block/another_furniture/chair/dark_oak_3"
        },
        "facing=east,tucked=false,back=3": {
            "model": "heypixel:block/another_furniture/chair/dark_oak_3",
            "y": 90
        },
        "facing=south,tucked=false,back=3": {
            "model": "heypixel:block/another_furniture/chair/dark_oak_1",
            "y": 180
        },
        "facing=west,tucked=false,back=3": {
            "model": "heypixel:block/another_furniture/chair/dark_oak_3",
            "y": 270
        },
        "facing=north,tucked=true,back=3": {
            "model": "heypixel:block/another_furniture/chair/dark_oak_3_tucked"
        },
        "facing=east,tucked=true,back=3": {
            "model": "heypixel:block/another_furniture/chair/dark_oak_3_tucked",
            "y": 90
        },
        "facing=south,tucked=true,back=3": {
            "model": "heypixel:block/another_furniture/chair/dark_oak_3_tucked",
            "y": 180
        },
        "facing=west,tucked=true,back=3": {
            "model": "heypixel:block/another_furniture/chair/dark_oak_3_tucked",
            "y": 270
        },
        "facing=north,tucked=false,back=4": {
            "model": "heypixel:block/another_furniture/chair/dark_oak_4"
        },
        "facing=east,tucked=false,back=4": {
            "model": "heypixel:block/another_furniture/chair/dark_oak_4",
            "y": 90
        },
        "facing=south,tucked=false,back=4": {
            "model": "heypixel:block/another_furniture/chair/dark_oak_4",
            "y": 180
        },
        "facing=west,tucked=false,back=4": {
            "model": "heypixel:block/another_furniture/chair/dark_oak_4",
            "y": 270
        },
        "facing=north,tucked=true,back=4": {
            "model": "heypixel:block/another_furniture/chair/dark_oak_4_tucked"
        },
        "facing=east,tucked=true,back=4": {
            "model": "heypixel:block/another_furniture/chair/dark_oak_4_tucked",
            "y": 90
        },
        "facing=south,tucked=true,back=4": {
            "model": "heypixel:block/another_furniture/chair/dark_oak_4_tucked",
            "y": 180
        },
        "facing=west,tucked=true,back=4": {
            "model": "heypixel:block/another_furniture/chair/dark_oak_4_tucked",
            "y": 270
        },
        "facing=north,tucked=false,back=5": {
            "model": "heypixel:block/another_furniture/chair/dark_oak_5"
        },
        "facing=east,tucked=false,back=5": {
            "model": "heypixel:block/another_furniture/chair/dark_oak_5",
            "y": 90
        },
        "facing=south,tucked=false,back=5": {
            "model": "heypixel:block/another_furniture/chair/dark_oak_5",
            "y": 180
        },
        "facing=west,tucked=false,back=5": {
            "model": "heypixel:block/another_furniture/chair/dark_oak_5",
            "y": 270
        },
        "facing=north,tucked=true,back=5": {
            "model": "heypixel:block/another_furniture/chair/dark_oak_5_tucked"
        },
        "facing=east,tucked=true,back=5": {
            "model": "heypixel:block/another_furniture/chair/dark_oak_5_tucked",
            "y": 90
        },
        "facing=south,tucked=true,back=5": {
            "model": "heypixel:block/another_furniture/chair/dark_oak_5_tucked",
            "y": 180
        },
        "facing=west,tucked=true,back=5": {
            "model": "heypixel:block/another_furniture/chair/dark_oak_5_tucked",
            "y": 270
        },
        "facing=north,tucked=false,back=6": {
            "model": "heypixel:block/another_furniture/chair/dark_oak_6"
        },
        "facing=east,tucked=false,back=6": {
            "model": "heypixel:block/another_furniture/chair/dark_oak_6",
            "y": 90
        },
        "facing=south,tucked=false,back=6": {
            "model": "heypixel:block/another_furniture/chair/dark_oak_6",
            "y": 180
        },
        "facing=west,tucked=false,back=6": {
            "model": "heypixel:block/another_furniture/chair/dark_oak_6",
            "y": 270
        },
        "facing=north,tucked=true,back=6": {
            "model": "heypixel:block/another_furniture/chair/dark_oak_6_tucked"
        },
        "facing=east,tucked=true,back=6": {
            "model": "heypixel:block/another_furniture/chair/dark_oak_6_tucked",
            "y": 90
        },
        "facing=south,tucked=true,back=6": {
            "model": "heypixel:block/another_furniture/chair/dark_oak_6_tucked",
            "y": 180
        },
        "facing=west,tucked=true,back=6": {
            "model": "heypixel:block/another_furniture/chair/dark_oak_6_tucked",
            "y": 270
        },
        "facing=north,tucked=false,back=7": {
            "model": "heypixel:block/another_furniture/chair/dark_oak_7"
        },
        "facing=east,tucked=false,back=7": {
            "model": "heypixel:block/another_furniture/chair/dark_oak_7",
            "y": 90
        },
        "facing=south,tucked=false,back=7": {
            "model": "heypixel:block/another_furniture/chair/dark_oak_7",
            "y": 180
        },
        "facing=west,tucked=false,back=7": {
            "model": "heypixel:block/another_furniture/chair/dark_oak_7",
            "y": 270
        },
        "facing=north,tucked=true,back=7": {
            "model": "heypixel:block/another_furniture/chair/dark_oak_7_tucked"
        },
        "facing=east,tucked=true,back=7": {
            "model": "heypixel:block/another_furniture/chair/dark_oak_7_tucked",
            "y": 90
        },
        "facing=south,tucked=true,back=7": {
            "model": "heypixel:block/another_furniture/chair/dark_oak_7_tucked",
            "y": 180
        },
        "facing=west,tucked=true,back=7": {
            "model": "heypixel:block/another_furniture/chair/dark_oak_7_tucked",
            "y": 270
        },
        "facing=north,tucked=false,back=8": {
            "model": "heypixel:block/another_furniture/chair/dark_oak_8"
        },
        "facing=east,tucked=false,back=8": {
            "model": "heypixel:block/another_furniture/chair/dark_oak_8",
            "y": 90
        },
        "facing=south,tucked=false,back=8": {
            "model": "heypixel:block/another_furniture/chair/dark_oak_8",
            "y": 180
        },
        "facing=west,tucked=false,back=8": {
            "model": "heypixel:block/another_furniture/chair/dark_oak_8",
            "y": 270
        },
        "facing=north,tucked=true,back=8": {
            "model": "heypixel:block/another_furniture/chair/dark_oak_8_tucked"
        },
        "facing=east,tucked=true,back=8": {
            "model": "heypixel:block/another_furniture/chair/dark_oak_8_tucked",
            "y": 90
        },
        "facing=south,tucked=true,back=8": {
            "model": "heypixel:block/another_furniture/chair/dark_oak_8_tucked",
            "y": 180
        },
        "facing=west,tucked=true,back=8": {
            "model": "heypixel:block/another_furniture/chair/dark_oak_8_tucked",
            "y": 270
        },
        "facing=north,tucked=false,back=9": {
            "model": "heypixel:block/another_furniture/chair/dark_oak_9"
        },
        "facing=east,tucked=false,back=9": {
            "model": "heypixel:block/another_furniture/chair/dark_oak_9",
            "y": 90
        },
        "facing=south,tucked=false,back=9": {
            "model": "heypixel:block/another_furniture/chair/dark_oak_9",
            "y": 180
        },
        "facing=west,tucked=false,back=9": {
            "model": "heypixel:block/another_furniture/chair/dark_oak_9",
            "y": 270
        },
        "facing=north,tucked=true,back=9": {
            "model": "heypixel:block/another_furniture/chair/dark_oak_9_tucked"
        },
        "facing=east,tucked=true,back=9": {
            "model": "heypixel:block/another_furniture/chair/dark_oak_9_tucked",
            "y": 90
        },
        "facing=south,tucked=true,back=9": {
            "model": "heypixel:block/another_furniture/chair/dark_oak_9_tucked",
            "y": 180
        },
        "facing=west,tucked=true,back=9": {
            "model": "heypixel:block/another_furniture/chair/dark_oak_9_tucked",
            "y": 270
        },
        "facing=north,tucked=false,back=10": {
            "model": "heypixel:block/another_furniture/chair/dark_oak_10"
        },
        "facing=east,tucked=false,back=10": {
            "model": "heypixel:block/another_furniture/chair/dark_oak_10",
            "y": 90
        },
        "facing=south,tucked=false,back=10": {
            "model": "heypixel:block/another_furniture/chair/dark_oak_10",
            "y": 180
        },
        "facing=west,tucked=false,back=10": {
            "model": "heypixel:block/another_furniture/chair/dark_oak_10",
            "y": 270
        },
        "facing=north,tucked=true,back=10": {
            "model": "heypixel:block/another_furniture/chair/dark_oak_10_tucked"
        },
        "facing=east,tucked=true,back=10": {
            "model": "heypixel:block/another_furniture/chair/dark_oak_10_tucked",
            "y": 90
        },
        "facing=south,tucked=true,back=10": {
            "model": "heypixel:block/another_furniture/chair/dark_oak_10_tucked",
            "y": 180
        },
        "facing=west,tucked=true,back=10": {
            "model": "heypixel:block/another_furniture/chair/dark_oak_10_tucked",
            "y": 270
        },
        "facing=north,tucked=false,back=11": {
            "model": "heypixel:block/another_furniture/chair/dark_oak_11"
        },
        "facing=east,tucked=false,back=11": {
            "model": "heypixel:block/another_furniture/chair/dark_oak_11",
            "y": 90
        },
        "facing=south,tucked=false,back=11": {
            "model": "heypixel:block/another_furniture/chair/dark_oak_11",
            "y": 180
        },
        "facing=west,tucked=false,back=11": {
            "model": "heypixel:block/another_furniture/chair/dark_oak_11",
            "y": 270
        },
        "facing=north,tucked=true,back=11": {
            "model": "heypixel:block/another_furniture/chair/dark_oak_11_tucked"
        },
        "facing=east,tucked=true,back=11": {
            "model": "heypixel:block/another_furniture/chair/dark_oak_11_tucked",
            "y": 90
        },
        "facing=south,tucked=true,back=11": {
            "model": "heypixel:block/another_furniture/chair/dark_oak_11_tucked",
            "y": 180
        },
        "facing=west,tucked=true,back=11": {
            "model": "heypixel:block/another_furniture/chair/dark_oak_11_tucked",
            "y": 270
        }
    }
}
