{
    "variants": {
        "facing=north,type=single": {
            "model": "heypixel:block/another_furniture/sofa/yellow"
        },
        "facing=east,type=single": {
            "model": "heypixel:block/another_furniture/sofa/yellow",
            "y": 90
        },
        "facing=south,type=single": {
            "model": "heypixel:block/another_furniture/sofa/yellow",
            "y": 180
        },
        "facing=west,type=single": {
            "model": "heypixel:block/another_furniture/sofa/yellow",
            "y": 270
        },
        "facing=north,type=left": {
            "model": "heypixel:block/another_furniture/sofa/yellow_left"
        },
        "facing=east,type=left": {
            "model": "heypixel:block/another_furniture/sofa/yellow_left",
            "y": 90
        },
        "facing=south,type=left": {
            "model": "heypixel:block/another_furniture/sofa/yellow_left",
            "y": 180
        },
        "facing=west,type=left": {
            "model": "heypixel:block/another_furniture/sofa/yellow_left",
            "y": 270
        },
        "facing=north,type=right": {
            "model": "heypixel:block/another_furniture/sofa/yellow_right"
        },
        "facing=east,type=right": {
            "model": "heypixel:block/another_furniture/sofa/yellow_right",
            "y": 90
        },
        "facing=south,type=right": {
            "model": "heypixel:block/another_furniture/sofa/yellow_right",
            "y": 180
        },
        "facing=west,type=right": {
            "model": "heypixel:block/another_furniture/sofa/yellow_right",
            "y": 270
        },
        "facing=north,type=middle": {
            "model": "heypixel:block/another_furniture/sofa/yellow_middle"
        },
        "facing=east,type=middle": {
            "model": "heypixel:block/another_furniture/sofa/yellow_middle",
            "y": 90
        },
        "facing=south,type=middle": {
            "model": "heypixel:block/another_furniture/sofa/yellow_middle",
            "y": 180
        },
        "facing=west,type=middle": {
            "model": "heypixel:block/another_furniture/sofa/yellow_middle",
            "y": 270
        },
        "facing=north,type=inner_left": {
            "model": "heypixel:block/another_furniture/sofa/yellow_inner"
        },
        "facing=east,type=inner_left": {
            "model": "heypixel:block/another_furniture/sofa/yellow_inner",
            "y": 90
        },
        "facing=south,type=inner_left": {
            "model": "heypixel:block/another_furniture/sofa/yellow_inner",
            "y": 180
        },
        "facing=west,type=inner_left": {
            "model": "heypixel:block/another_furniture/sofa/yellow_inner",
            "y": 270
        },
        "facing=north,type=inner_right": {
            "model": "heypixel:block/another_furniture/sofa/yellow_inner",
            "y": 90
        },
        "facing=east,type=inner_right": {
            "model": "heypixel:block/another_furniture/sofa/yellow_inner",
            "y": 180
        },
        "facing=south,type=inner_right": {
            "model": "heypixel:block/another_furniture/sofa/yellow_inner",
            "y": 270
        },
        "facing=west,type=inner_right": {
            "model": "heypixel:block/another_furniture/sofa/yellow_inner"
        },
        "facing=north,type=outer_left": {
            "model": "heypixel:block/another_furniture/sofa/yellow_outer"
        },
        "facing=east,type=outer_left": {
            "model": "heypixel:block/another_furniture/sofa/yellow_outer",
            "y": 90
        },
        "facing=south,type=outer_left": {
            "model": "heypixel:block/another_furniture/sofa/yellow_outer",
            "y": 180
        },
        "facing=west,type=outer_left": {
            "model": "heypixel:block/another_furniture/sofa/yellow_outer",
            "y": 270
        },
        "facing=north,type=outer_right": {
            "model": "heypixel:block/another_furniture/sofa/yellow_outer",
            "y": 90
        },
        "facing=east,type=outer_right": {
            "model": "heypixel:block/another_furniture/sofa/yellow_outer",
            "y": 180
        },
        "facing=south,type=outer_right": {
            "model": "heypixel:block/another_furniture/sofa/yellow_outer",
            "y": 270
        },
        "facing=west,type=outer_right": {
            "model": "heypixel:block/another_furniture/sofa/yellow_outer"
        }
    }
}
