{
    "variants": {
        "facing=east": {
            "model": "heypixel:block/aquatic/glow_squid_table_lamp",
            "y": 90
        },
        "facing=south": {
            "model": "heypixel:block/aquatic/glow_squid_table_lamp",
            "y": 180
        },
        "facing=west": {
            "model": "heypixel:block/aquatic/glow_squid_table_lamp",
            "y": 270
        },
        "facing=north": {
            "model": "heypixel:block/aquatic/glow_squid_table_lamp"
        }
    }
}