{
    "variants": {
        "facing=east": {
            "model": "heypixel:block/chinese/cupboard_closet",
            "y": 90
        },
        "facing=south": {
            "model": "heypixel:block/chinese/cupboard_closet",
            "y": 180
        },
        "facing=west": {
            "model": "heypixel:block/chinese/cupboard_closet",
            "y": 270
        },
        "facing=north": {
            "model": "heypixel:block/chinese/cupboard_closet"
        }
    }
}