{
    "variants": {
        "facing=east": {
            "model": "heypixel:block/classroom/cupboard_shelf",
            "y": 90
        },
        "facing=south": {
            "model": "heypixel:block/classroom/cupboard_shelf",
            "y": 180
        },
        "facing=west": {
            "model": "heypixel:block/classroom/cupboard_shelf",
            "y": 270
        },
        "facing=north": {
            "model": "heypixel:block/classroom/cupboard_shelf"
        }
    }
}