{
    "variants": {
        "facing=east": {
            "model": "heypixel:block/cuisine/placard_haut_verre_cuisine",
            "y": 90
        },
        "facing=south": {
            "model": "heypixel:block/cuisine/placard_haut_verre_cuisine",
            "y": 180
        },
        "facing=west": {
            "model": "heypixel:block/cuisine/placard_haut_verre_cuisine",
            "y": 270
        },
        "facing=north": {
            "model": "heypixel:block/cuisine/placard_haut_verre_cuisine"
        }
    }
}