{
  "variants": {
    "facing=east": { "model": "heypixel:block/rpg_village_pack/children/food_crate_enchanted_golden_apples_oak", "y": 90 },
    "facing=south": { "model": "heypixel:block/rpg_village_pack/children/food_crate_enchanted_golden_apples_oak", "y": 180 },
    "facing=west": { "model": "heypixel:block/rpg_village_pack/children/food_crate_enchanted_golden_apples_oak", "y": 270 },
    "facing=north": { "model": "heypixel:block/rpg_village_pack/children/food_crate_enchanted_golden_apples_oak" }
  }
}